step,ego_action,partner_action,reward,total_return,sparse_return,deliveries,p0_pos,p0_orient,p0_held,p1_pos,p1_orient,p1_held,pots,objects
1,"(-1, 0)","(1, 0)",0.0,0.0,0.0,0.0,"(5, 2)","(-1, 0)",,"(2, 3)","(1, 0)",,"(4, 2):empty;(4, 3):empty",
2,"(0, -1)","(0, -1)",0.0,0.0,0.0,0.0,"(5, 2)","(0, -1)",,"(2, 2)","(0, -1)",,"(4, 2):empty;(4, 3):empty",
3,interact,"(0, 0)",0.0,0.0,0.0,0.0,"(5, 2)","(0, -1)",onion,"(2, 2)","(0, -1)",,"(4, 2):empty;(4, 3):empty",
4,"(-1, 0)","(1, 0)",0.0,0.0,0.0,0.0,"(5, 2)","(-1, 0)",onion,"(3, 2)","(1, 0)",,"(4, 2):empty;(4, 3):empty",
5,interact,"(0, -1)",3.0,3.0,0.0,0.0,"(5, 2)","(-1, 0)",,"(3, 2)","(0, -1)",,"(4, 2):soup('onion', 1, 0);(4, 3):empty","(4, 2):soup('onion', 1, 0)"
6,"(0, -1)","(0, 1)",0.0,3.0,0.0,0.0,"(5, 2)","(0, -1)",,"(3, 3)","(0, 1)",,"(4, 2):soup('onion', 1, 0);(4, 3):empty","(4, 2):soup('onion', 1, 0)"
7,interact,"(0, 1)",0.0,3.0,0.0,0.0,"(5, 2)","(0, -1)",onion,"(3, 3)","(0, 1)",,"(4, 2):soup('onion', 1, 0);(4, 3):empty","(4, 2):soup('onion', 1, 0)"
8,"(-1, 0)",interact,3.0,6.0,0.0,0.0,"(5, 2)","(-1, 0)",onion,"(3, 3)","(0, 1)",dish,"(4, 2):soup('onion', 1, 0);(4, 3):empty","(4, 2):soup('onion', 1, 0)"
9,interact,"(0, -1)",3.0,9.0,0.0,0.0,"(5, 2)","(-1, 0)",,"(3, 2)","(0, -1)",dish,"(4, 2):soup('onion', 2, 0);(4, 3):empty","(4, 2):soup('onion', 2, 0)"
10,"(0, -1)","(1, 0)",0.0,9.0,0.0,0.0,"(5, 2)","(0, -1)",,"(3, 2)","(1, 0)",dish,"(4, 2):soup('onion', 2, 0);(4, 3):empty","(4, 2):soup('onion', 2, 0)"
11,interact,"(0, -1)",0.0,9.0,0.0,0.0,"(5, 2)","(0, -1)",onion,"(3, 2)","(0, -1)",dish,"(4, 2):soup('onion', 2, 0);(4, 3):empty","(4, 2):soup('onion', 2, 0)"
12,"(-1, 0)","(1, 0)",0.0,9.0,0.0,0.0,"(5, 2)","(-1, 0)",onion,"(3, 2)","(1, 0)",dish,"(4, 2):soup('onion', 2, 0);(4, 3):empty","(4, 2):soup('onion', 2, 0)"
13,interact,interact,3.0,12.0,0.0,0.0,"(5, 2)","(-1, 0)",,"(3, 2)","(1, 0)",dish,"(4, 2):soup('onion', 3, 1);(4, 3):empty","(4, 2):soup('onion', 3, 1)"
14,"(0, -1)",interact,0.0,12.0,0.0,0.0,"(5, 2)","(0, -1)",,"(3, 2)","(1, 0)",dish,"(4, 2):soup('onion', 3, 2);(4, 3):empty","(4, 2):soup('onion', 3, 2)"
15,interact,"(0, 0)",0.0,12.0,0.0,0.0,"(5, 2)","(0, -1)",onion,"(3, 2)","(1, 0)",dish,"(4, 2):soup('onion', 3, 3);(4, 3):empty","(4, 2):soup('onion', 3, 3)"
16,interact,"(0, 0)",0.0,12.0,0.0,0.0,"(5, 2)","(0, -1)",onion,"(3, 2)","(1, 0)",dish,"(4, 2):soup('onion', 3, 4);(4, 3):empty","(4, 2):soup('onion', 3, 4)"
17,interact,"(0, 0)",0.0,12.0,0.0,0.0,"(5, 2)","(0, -1)",onion,"(3, 2)","(1, 0)",dish,"(4, 2):soup('onion', 3, 5);(4, 3):empty","(4, 2):soup('onion', 3, 5)"
18,interact,"(0, 0)",0.0,12.0,0.0,0.0,"(5, 2)","(0, -1)",onion,"(3, 2)","(1, 0)",dish,"(4, 2):soup('onion', 3, 6);(4, 3):empty","(4, 2):soup('onion', 3, 6)"
19,interact,"(0, 0)",0.0,12.0,0.0,0.0,"(5, 2)","(0, -1)",onion,"(3, 2)","(1, 0)",dish,"(4, 2):soup('onion', 3, 7);(4, 3):empty","(4, 2):soup('onion', 3, 7)"
20,interact,"(0, 0)",0.0,12.0,0.0,0.0,"(5, 2)","(0, -1)",onion,"(3, 2)","(1, 0)",dish,"(4, 2):soup('onion', 3, 8);(4, 3):empty","(4, 2):soup('onion', 3, 8)"
21,interact,"(0, 0)",0.0,12.0,0.0,0.0,"(5, 2)","(0, -1)",onion,"(3, 2)","(1, 0)",dish,"(4, 2):soup('onion', 3, 9);(4, 3):empty","(4, 2):soup('onion', 3, 9)"
22,interact,"(0, 0)",0.0,12.0,0.0,0.0,"(5, 2)","(0, -1)",onion,"(3, 2)","(1, 0)",dish,"(4, 2):soup('onion', 3, 10);(4, 3):empty","(4, 2):soup('onion', 3, 10)"
23,interact,"(0, 0)",0.0,12.0,0.0,0.0,"(5, 2)","(0, -1)",onion,"(3, 2)","(1, 0)",dish,"(4, 2):soup('onion', 3, 11);(4, 3):empty","(4, 2):soup('onion', 3, 11)"
24,interact,"(0, 0)",0.0,12.0,0.0,0.0,"(5, 2)","(0, -1)",onion,"(3, 2)","(1, 0)",dish,"(4, 2):soup('onion', 3, 12);(4, 3):empty","(4, 2):soup('onion', 3, 12)"
25,interact,"(0, 0)",0.0,12.0,0.0,0.0,"(5, 2)","(0, -1)",onion,"(3, 2)","(1, 0)",dish,"(4, 2):soup('onion', 3, 13);(4, 3):empty","(4, 2):soup('onion', 3, 13)"
26,interact,"(0, 0)",0.0,12.0,0.0,0.0,"(5, 2)","(0, -1)",onion,"(3, 2)","(1, 0)",dish,"(4, 2):soup('onion', 3, 14);(4, 3):empty","(4, 2):soup('onion', 3, 14)"
27,interact,"(0, 0)",0.0,12.0,0.0,0.0,"(5, 2)","(0, -1)",onion,"(3, 2)","(1, 0)",dish,"(4, 2):soup('onion', 3, 15);(4, 3):empty","(4, 2):soup('onion', 3, 15)"
28,interact,"(0, 0)",0.0,12.0,0.0,0.0,"(5, 2)","(0, -1)",onion,"(3, 2)","(1, 0)",dish,"(4, 2):soup('onion', 3, 16);(4, 3):empty","(4, 2):soup('onion', 3, 16)"
29,interact,"(0, 0)",0.0,12.0,0.0,0.0,"(5, 2)","(0, -1)",onion,"(3, 2)","(1, 0)",dish,"(4, 2):soup('onion', 3, 17);(4, 3):empty","(4, 2):soup('onion', 3, 17)"
30,interact,"(0, 0)",0.0,12.0,0.0,0.0,"(5, 2)","(0, -1)",onion,"(3, 2)","(1, 0)",dish,"(4, 2):soup('onion', 3, 18);(4, 3):empty","(4, 2):soup('onion', 3, 18)"
31,interact,"(0, 0)",0.0,12.0,0.0,0.0,"(5, 2)","(0, -1)",onion,"(3, 2)","(1, 0)",dish,"(4, 2):soup('onion', 3, 19);(4, 3):empty","(4, 2):soup('onion', 3, 19)"
32,interact,"(0, 0)",0.0,12.0,0.0,0.0,"(5, 2)","(0, -1)",onion,"(3, 2)","(1, 0)",dish,"(4, 2):soup('onion', 3, 20);(4, 3):empty","(4, 2):soup('onion', 3, 20)"
33,interact,interact,5.0,17.0,0.0,0.0,"(5, 2)","(0, -1)",onion,"(3, 2)","(1, 0)","soup('onion', 3, 20)","(4, 2):empty;(4, 3):empty",
34,"(-1, 0)","(0, -1)",0.0,17.0,0.0,0.0,"(5, 2)","(-1, 0)",onion,"(3, 2)","(0, -1)","soup('onion', 3, 20)","(4, 2):empty;(4, 3):empty",
35,interact,interact,23.0,40.0,20.0,1.0,"(5, 2)","(-1, 0)",,"(3, 2)","(0, -1)",,"(4, 2):soup('onion', 1, 0);(4, 3):empty","(4, 2):soup('onion', 1, 0)"
36,"(0, -1)","(0, 1)",0.0,40.0,20.0,1.0,"(5, 2)","(0, -1)",,"(3, 3)","(0, 1)",,"(4, 2):soup('onion', 1, 0);(4, 3):empty","(4, 2):soup('onion', 1, 0)"
37,interact,"(0, 1)",0.0,40.0,20.0,1.0,"(5, 2)","(0, -1)",onion,"(3, 3)","(0, 1)",,"(4, 2):soup('onion', 1, 0);(4, 3):empty","(4, 2):soup('onion', 1, 0)"
38,"(-1, 0)",interact,3.0,43.0,20.0,1.0,"(5, 2)","(-1, 0)",onion,"(3, 3)","(0, 1)",dish,"(4, 2):soup('onion', 1, 0);(4, 3):empty","(4, 2):soup('onion', 1, 0)"
39,interact,"(0, -1)",3.0,46.0,20.0,1.0,"(5, 2)","(-1, 0)",,"(3, 2)","(0, -1)",dish,"(4, 2):soup('onion', 2, 0);(4, 3):empty","(4, 2):soup('onion', 2, 0)"
40,"(0, -1)","(1, 0)",0.0,46.0,20.0,1.0,"(5, 2)","(0, -1)",,"(3, 2)","(1, 0)",dish,"(4, 2):soup('onion', 2, 0);(4, 3):empty","(4, 2):soup('onion', 2, 0)"
41,interact,"(0, -1)",0.0,46.0,20.0,1.0,"(5, 2)","(0, -1)",onion,"(3, 2)","(0, -1)",dish,"(4, 2):soup('onion', 2, 0);(4, 3):empty","(4, 2):soup('onion', 2, 0)"
42,"(-1, 0)","(1, 0)",0.0,46.0,20.0,1.0,"(5, 2)","(-1, 0)",onion,"(3, 2)","(1, 0)",dish,"(4, 2):soup('onion', 2, 0);(4, 3):empty","(4, 2):soup('onion', 2, 0)"
43,interact,interact,3.0,49.0,20.0,1.0,"(5, 2)","(-1, 0)",,"(3, 2)","(1, 0)",dish,"(4, 2):soup('onion', 3, 1);(4, 3):empty","(4, 2):soup('onion', 3, 1)"
44,"(0, -1)",interact,0.0,49.0,20.0,1.0,"(5, 2)","(0, -1)",,"(3, 2)","(1, 0)",dish,"(4, 2):soup('onion', 3, 2);(4, 3):empty","(4, 2):soup('onion', 3, 2)"
45,interact,"(0, 0)",0.0,49.0,20.0,1.0,"(5, 2)","(0, -1)",onion,"(3, 2)","(1, 0)",dish,"(4, 2):soup('onion', 3, 3);(4, 3):empty","(4, 2):soup('onion', 3, 3)"
46,interact,"(0, 0)",0.0,49.0,20.0,1.0,"(5, 2)","(0, -1)",onion,"(3, 2)","(1, 0)",dish,"(4, 2):soup('onion', 3, 4);(4, 3):empty","(4, 2):soup('onion', 3, 4)"
47,interact,"(0, 0)",0.0,49.0,20.0,1.0,"(5, 2)","(0, -1)",onion,"(3, 2)","(1, 0)",dish,"(4, 2):soup('onion', 3, 5);(4, 3):empty","(4, 2):soup('onion', 3, 5)"
48,interact,"(0, 0)",0.0,49.0,20.0,1.0,"(5, 2)","(0, -1)",onion,"(3, 2)","(1, 0)",dish,"(4, 2):soup('onion', 3, 6);(4, 3):empty","(4, 2):soup('onion', 3, 6)"
49,interact,"(0, 0)",0.0,49.0,20.0,1.0,"(5, 2)","(0, -1)",onion,"(3, 2)","(1, 0)",dish,"(4, 2):soup('onion', 3, 7);(4, 3):empty","(4, 2):soup('onion', 3, 7)"
50,interact,"(0, 0)",0.0,49.0,20.0,1.0,"(5, 2)","(0, -1)",onion,"(3, 2)","(1, 0)",dish,"(4, 2):soup('onion', 3, 8);(4, 3):empty","(4, 2):soup('onion', 3, 8)"
51,interact,"(0, 0)",0.0,49.0,20.0,1.0,"(5, 2)","(0, -1)",onion,"(3, 2)","(1, 0)",dish,"(4, 2):soup('onion', 3, 9);(4, 3):empty","(4, 2):soup('onion', 3, 9)"
52,interact,"(0, 0)",0.0,49.0,20.0,1.0,"(5, 2)","(0, -1)",onion,"(3, 2)","(1, 0)",dish,"(4, 2):soup('onion', 3, 10);(4, 3):empty","(4, 2):soup('onion', 3, 10)"
53,interact,"(0, 0)",0.0,49.0,20.0,1.0,"(5, 2)","(0, -1)",onion,"(3, 2)","(1, 0)",dish,"(4, 2):soup('onion', 3, 11);(4, 3):empty","(4, 2):soup('onion', 3, 11)"
54,interact,"(0, 0)",0.0,49.0,20.0,1.0,"(5, 2)","(0, -1)",onion,"(3, 2)","(1, 0)",dish,"(4, 2):soup('onion', 3, 12);(4, 3):empty","(4, 2):soup('onion', 3, 12)"
55,interact,"(0, 0)",0.0,49.0,20.0,1.0,"(5, 2)","(0, -1)",onion,"(3, 2)","(1, 0)",dish,"(4, 2):soup('onion', 3, 13);(4, 3):empty","(4, 2):soup('onion', 3, 13)"
56,interact,"(0, 0)",0.0,49.0,20.0,1.0,"(5, 2)","(0, -1)",onion,"(3, 2)","(1, 0)",dish,"(4, 2):soup('onion', 3, 14);(4, 3):empty","(4, 2):soup('onion', 3, 14)"
57,interact,"(0, 0)",0.0,49.0,20.0,1.0,"(5, 2)","(0, -1)",onion,"(3, 2)","(1, 0)",dish,"(4, 2):soup('onion', 3, 15);(4, 3):empty","(4, 2):soup('onion', 3, 15)"
58,interact,"(0, 0)",0.0,49.0,20.0,1.0,"(5, 2)","(0, -1)",onion,"(3, 2)","(1, 0)",dish,"(4, 2):soup('onion', 3, 16);(4, 3):empty","(4, 2):soup('onion', 3, 16)"
59,interact,"(0, 0)",0.0,49.0,20.0,1.0,"(5, 2)","(0, -1)",onion,"(3, 2)","(1, 0)",dish,"(4, 2):soup('onion', 3, 17);(4, 3):empty","(4, 2):soup('onion', 3, 17)"
60,interact,"(0, 0)",0.0,49.0,20.0,1.0,"(5, 2)","(0, -1)",onion,"(3, 2)","(1, 0)",dish,"(4, 2):soup('onion', 3, 18);(4, 3):empty","(4, 2):soup('onion', 3, 18)"
61,interact,"(0, 0)",0.0,49.0,20.0,1.0,"(5, 2)","(0, -1)",onion,"(3, 2)","(1, 0)",dish,"(4, 2):soup('onion', 3, 19);(4, 3):empty","(4, 2):soup('onion', 3, 19)"
62,interact,"(0, 0)",0.0,49.0,20.0,1.0,"(5, 2)","(0, -1)",onion,"(3, 2)","(1, 0)",dish,"(4, 2):soup('onion', 3, 20);(4, 3):empty","(4, 2):soup('onion', 3, 20)"
63,interact,interact,5.0,54.0,20.0,1.0,"(5, 2)","(0, -1)",onion,"(3, 2)","(1, 0)","soup('onion', 3, 20)","(4, 2):empty;(4, 3):empty",
64,"(-1, 0)","(0, -1)",0.0,54.0,20.0,1.0,"(5, 2)","(-1, 0)",onion,"(3, 2)","(0, -1)","soup('onion', 3, 20)","(4, 2):empty;(4, 3):empty",
65,interact,interact,23.0,77.0,40.0,2.0,"(5, 2)","(-1, 0)",,"(3, 2)","(0, -1)",,"(4, 2):soup('onion', 1, 0);(4, 3):empty","(4, 2):soup('onion', 1, 0)"
66,"(0, -1)","(0, 1)",0.0,77.0,40.0,2.0,"(5, 2)","(0, -1)",,"(3, 3)","(0, 1)",,"(4, 2):soup('onion', 1, 0);(4, 3):empty","(4, 2):soup('onion', 1, 0)"
67,interact,"(0, 1)",0.0,77.0,40.0,2.0,"(5, 2)","(0, -1)",onion,"(3, 3)","(0, 1)",,"(4, 2):soup('onion', 1, 0);(4, 3):empty","(4, 2):soup('onion', 1, 0)"
68,"(-1, 0)",interact,3.0,80.0,40.0,2.0,"(5, 2)","(-1, 0)",onion,"(3, 3)","(0, 1)",dish,"(4, 2):soup('onion', 1, 0);(4, 3):empty","(4, 2):soup('onion', 1, 0)"
69,interact,"(0, -1)",3.0,83.0,40.0,2.0,"(5, 2)","(-1, 0)",,"(3, 2)","(0, -1)",dish,"(4, 2):soup('onion', 2, 0);(4, 3):empty","(4, 2):soup('onion', 2, 0)"
70,"(0, -1)","(1, 0)",0.0,83.0,40.0,2.0,"(5, 2)","(0, -1)",,"(3, 2)","(1, 0)",dish,"(4, 2):soup('onion', 2, 0);(4, 3):empty","(4, 2):soup('onion', 2, 0)"
71,interact,"(0, -1)",0.0,83.0,40.0,2.0,"(5, 2)","(0, -1)",onion,"(3, 2)","(0, -1)",dish,"(4, 2):soup('onion', 2, 0);(4, 3):empty","(4, 2):soup('onion', 2, 0)"
72,"(-1, 0)","(1, 0)",0.0,83.0,40.0,2.0,"(5, 2)","(-1, 0)",onion,"(3, 2)","(1, 0)",dish,"(4, 2):soup('onion', 2, 0);(4, 3):empty","(4, 2):soup('onion', 2, 0)"
73,interact,interact,3.0,86.0,40.0,2.0,"(5, 2)","(-1, 0)",,"(3, 2)","(1, 0)",dish,"(4, 2):soup('onion', 3, 1);(4, 3):empty","(4, 2):soup('onion', 3, 1)"
74,"(0, -1)",interact,0.0,86.0,40.0,2.0,"(5, 2)","(0, -1)",,"(3, 2)","(1, 0)",dish,"(4, 2):soup('onion', 3, 2);(4, 3):empty","(4, 2):soup('onion', 3, 2)"
75,interact,"(0, 0)",0.0,86.0,40.0,2.0,"(5, 2)","(0, -1)",onion,"(3, 2)","(1, 0)",dish,"(4, 2):soup('onion', 3, 3);(4, 3):empty","(4, 2):soup('onion', 3, 3)"
76,interact,"(0, 0)",0.0,86.0,40.0,2.0,"(5, 2)","(0, -1)",onion,"(3, 2)","(1, 0)",dish,"(4, 2):soup('onion', 3, 4);(4, 3):empty","(4, 2):soup('onion', 3, 4)"
77,interact,"(0, 0)",0.0,86.0,40.0,2.0,"(5, 2)","(0, -1)",onion,"(3, 2)","(1, 0)",dish,"(4, 2):soup('onion', 3, 5);(4, 3):empty","(4, 2):soup('onion', 3, 5)"
78,interact,"(0, 0)",0.0,86.0,40.0,2.0,"(5, 2)","(0, -1)",onion,"(3, 2)","(1, 0)",dish,"(4, 2):soup('onion', 3, 6);(4, 3):empty","(4, 2):soup('onion', 3, 6)"
79,interact,"(0, 0)",0.0,86.0,40.0,2.0,"(5, 2)","(0, -1)",onion,"(3, 2)","(1, 0)",dish,"(4, 2):soup('onion', 3, 7);(4, 3):empty","(4, 2):soup('onion', 3, 7)"
80,interact,"(0, 0)",0.0,86.0,40.0,2.0,"(5, 2)","(0, -1)",onion,"(3, 2)","(1, 0)",dish,"(4, 2):soup('onion', 3, 8);(4, 3):empty","(4, 2):soup('onion', 3, 8)"
81,interact,"(0, 0)",0.0,86.0,40.0,2.0,"(5, 2)","(0, -1)",onion,"(3, 2)","(1, 0)",dish,"(4, 2):soup('onion', 3, 9);(4, 3):empty","(4, 2):soup('onion', 3, 9)"
82,interact,"(0, 0)",0.0,86.0,40.0,2.0,"(5, 2)","(0, -1)",onion,"(3, 2)","(1, 0)",dish,"(4, 2):soup('onion', 3, 10);(4, 3):empty","(4, 2):soup('onion', 3, 10)"
83,interact,"(0, 0)",0.0,86.0,40.0,2.0,"(5, 2)","(0, -1)",onion,"(3, 2)","(1, 0)",dish,"(4, 2):soup('onion', 3, 11);(4, 3):empty","(4, 2):soup('onion', 3, 11)"
84,interact,"(0, 0)",0.0,86.0,40.0,2.0,"(5, 2)","(0, -1)",onion,"(3, 2)","(1, 0)",dish,"(4, 2):soup('onion', 3, 12);(4, 3):empty","(4, 2):soup('onion', 3, 12)"
85,interact,"(0, 0)",0.0,86.0,40.0,2.0,"(5, 2)","(0, -1)",onion,"(3, 2)","(1, 0)",dish,"(4, 2):soup('onion', 3, 13);(4, 3):empty","(4, 2):soup('onion', 3, 13)"
86,interact,"(0, 0)",0.0,86.0,40.0,2.0,"(5, 2)","(0, -1)",onion,"(3, 2)","(1, 0)",dish,"(4, 2):soup('onion', 3, 14);(4, 3):empty","(4, 2):soup('onion', 3, 14)"
87,interact,"(0, 0)",0.0,86.0,40.0,2.0,"(5, 2)","(0, -1)",onion,"(3, 2)","(1, 0)",dish,"(4, 2):soup('onion', 3, 15);(4, 3):empty","(4, 2):soup('onion', 3, 15)"
88,interact,"(0, 0)",0.0,86.0,40.0,2.0,"(5, 2)","(0, -1)",onion,"(3, 2)","(1, 0)",dish,"(4, 2):soup('onion', 3, 16);(4, 3):empty","(4, 2):soup('onion', 3, 16)"
89,interact,"(0, 0)",0.0,86.0,40.0,2.0,"(5, 2)","(0, -1)",onion,"(3, 2)","(1, 0)",dish,"(4, 2):soup('onion', 3, 17);(4, 3):empty","(4, 2):soup('onion', 3, 17)"
90,interact,"(0, 0)",0.0,86.0,40.0,2.0,"(5, 2)","(0, -1)",onion,"(3, 2)","(1, 0)",dish,"(4, 2):soup('onion', 3, 18);(4, 3):empty","(4, 2):soup('onion', 3, 18)"
91,interact,"(0, 0)",0.0,86.0,40.0,2.0,"(5, 2)","(0, -1)",onion,"(3, 2)","(1, 0)",dish,"(4, 2):soup('onion', 3, 19);(4, 3):empty","(4, 2):soup('onion', 3, 19)"
92,interact,"(0, 0)",0.0,86.0,40.0,2.0,"(5, 2)","(0, -1)",onion,"(3, 2)","(1, 0)",dish,"(4, 2):soup('onion', 3, 20);(4, 3):empty","(4, 2):soup('onion', 3, 20)"
93,interact,interact,5.0,91.0,40.0,2.0,"(5, 2)","(0, -1)",onion,"(3, 2)","(1, 0)","soup('onion', 3, 20)","(4, 2):empty;(4, 3):empty",
94,"(-1, 0)","(0, -1)",0.0,91.0,40.0,2.0,"(5, 2)","(-1, 0)",onion,"(3, 2)","(0, -1)","soup('onion', 3, 20)","(4, 2):empty;(4, 3):empty",
95,interact,interact,23.0,114.0,60.0,3.0,"(5, 2)","(-1, 0)",,"(3, 2)","(0, -1)",,"(4, 2):soup('onion', 1, 0);(4, 3):empty","(4, 2):soup('onion', 1, 0)"
96,"(0, -1)","(0, 1)",0.0,114.0,60.0,3.0,"(5, 2)","(0, -1)",,"(3, 3)","(0, 1)",,"(4, 2):soup('onion', 1, 0);(4, 3):empty","(4, 2):soup('onion', 1, 0)"
97,interact,"(0, 1)",0.0,114.0,60.0,3.0,"(5, 2)","(0, -1)",onion,"(3, 3)","(0, 1)",,"(4, 2):soup('onion', 1, 0);(4, 3):empty","(4, 2):soup('onion', 1, 0)"
98,"(-1, 0)",interact,3.0,117.0,60.0,3.0,"(5, 2)","(-1, 0)",onion,"(3, 3)","(0, 1)",dish,"(4, 2):soup('onion', 1, 0);(4, 3):empty","(4, 2):soup('onion', 1, 0)"
99,interact,"(0, -1)",3.0,120.0,60.0,3.0,"(5, 2)","(-1, 0)",,"(3, 2)","(0, -1)",dish,"(4, 2):soup('onion', 2, 0);(4, 3):empty","(4, 2):soup('onion', 2, 0)"
100,"(0, -1)","(1, 0)",0.0,120.0,60.0,3.0,"(5, 2)","(0, -1)",,"(3, 2)","(1, 0)",dish,"(4, 2):soup('onion', 2, 0);(4, 3):empty","(4, 2):soup('onion', 2, 0)"
101,interact,"(0, -1)",0.0,120.0,60.0,3.0,"(5, 2)","(0, -1)",onion,"(3, 2)","(0, -1)",dish,"(4, 2):soup('onion', 2, 0);(4, 3):empty","(4, 2):soup('onion', 2, 0)"
102,"(-1, 0)","(1, 0)",0.0,120.0,60.0,3.0,"(5, 2)","(-1, 0)",onion,"(3, 2)","(1, 0)",dish,"(4, 2):soup('onion', 2, 0);(4, 3):empty","(4, 2):soup('onion', 2, 0)"
103,interact,interact,3.0,123.0,60.0,3.0,"(5, 2)","(-1, 0)",,"(3, 2)","(1, 0)",dish,"(4, 2):soup('onion', 3, 1);(4, 3):empty","(4, 2):soup('onion', 3, 1)"
104,"(0, -1)",interact,0.0,123.0,60.0,3.0,"(5, 2)","(0, -1)",,"(3, 2)","(1, 0)",dish,"(4, 2):soup('onion', 3, 2);(4, 3):empty","(4, 2):soup('onion', 3, 2)"
105,interact,"(0, 0)",0.0,123.0,60.0,3.0,"(5, 2)","(0, -1)",onion,"(3, 2)","(1, 0)",dish,"(4, 2):soup('onion', 3, 3);(4, 3):empty","(4, 2):soup('onion', 3, 3)"
106,interact,"(0, 0)",0.0,123.0,60.0,3.0,"(5, 2)","(0, -1)",onion,"(3, 2)","(1, 0)",dish,"(4, 2):soup('onion', 3, 4);(4, 3):empty","(4, 2):soup('onion', 3, 4)"
107,interact,"(0, 0)",0.0,123.0,60.0,3.0,"(5, 2)","(0, -1)",onion,"(3, 2)","(1, 0)",dish,"(4, 2):soup('onion', 3, 5);(4, 3):empty","(4, 2):soup('onion', 3, 5)"
108,interact,"(0, 0)",0.0,123.0,60.0,3.0,"(5, 2)","(0, -1)",onion,"(3, 2)","(1, 0)",dish,"(4, 2):soup('onion', 3, 6);(4, 3):empty","(4, 2):soup('onion', 3, 6)"
109,interact,"(0, 0)",0.0,123.0,60.0,3.0,"(5, 2)","(0, -1)",onion,"(3, 2)","(1, 0)",dish,"(4, 2):soup('onion', 3, 7);(4, 3):empty","(4, 2):soup('onion', 3, 7)"
110,interact,"(0, 0)",0.0,123.0,60.0,3.0,"(5, 2)","(0, -1)",onion,"(3, 2)","(1, 0)",dish,"(4, 2):soup('onion', 3, 8);(4, 3):empty","(4, 2):soup('onion', 3, 8)"
111,interact,"(0, 0)",0.0,123.0,60.0,3.0,"(5, 2)","(0, -1)",onion,"(3, 2)","(1, 0)",dish,"(4, 2):soup('onion', 3, 9);(4, 3):empty","(4, 2):soup('onion', 3, 9)"
112,interact,"(0, 0)",0.0,123.0,60.0,3.0,"(5, 2)","(0, -1)",onion,"(3, 2)","(1, 0)",dish,"(4, 2):soup('onion', 3, 10);(4, 3):empty","(4, 2):soup('onion', 3, 10)"
113,interact,"(0, 0)",0.0,123.0,60.0,3.0,"(5, 2)","(0, -1)",onion,"(3, 2)","(1, 0)",dish,"(4, 2):soup('onion', 3, 11);(4, 3):empty","(4, 2):soup('onion', 3, 11)"
114,interact,"(0, 0)",0.0,123.0,60.0,3.0,"(5, 2)","(0, -1)",onion,"(3, 2)","(1, 0)",dish,"(4, 2):soup('onion', 3, 12);(4, 3):empty","(4, 2):soup('onion', 3, 12)"
115,interact,"(0, 0)",0.0,123.0,60.0,3.0,"(5, 2)","(0, -1)",onion,"(3, 2)","(1, 0)",dish,"(4, 2):soup('onion', 3, 13);(4, 3):empty","(4, 2):soup('onion', 3, 13)"
116,interact,"(0, 0)",0.0,123.0,60.0,3.0,"(5, 2)","(0, -1)",onion,"(3, 2)","(1, 0)",dish,"(4, 2):soup('onion', 3, 14);(4, 3):empty","(4, 2):soup('onion', 3, 14)"
117,interact,"(0, 0)",0.0,123.0,60.0,3.0,"(5, 2)","(0, -1)",onion,"(3, 2)","(1, 0)",dish,"(4, 2):soup('onion', 3, 15);(4, 3):empty","(4, 2):soup('onion', 3, 15)"
118,interact,"(0, 0)",0.0,123.0,60.0,3.0,"(5, 2)","(0, -1)",onion,"(3, 2)","(1, 0)",dish,"(4, 2):soup('onion', 3, 16);(4, 3):empty","(4, 2):soup('onion', 3, 16)"
119,interact,"(0, 0)",0.0,123.0,60.0,3.0,"(5, 2)","(0, -1)",onion,"(3, 2)","(1, 0)",dish,"(4, 2):soup('onion', 3, 17);(4, 3):empty","(4, 2):soup('onion', 3, 17)"
120,interact,"(0, 0)",0.0,123.0,60.0,3.0,"(5, 2)","(0, -1)",onion,"(3, 2)","(1, 0)",dish,"(4, 2):soup('onion', 3, 18);(4, 3):empty","(4, 2):soup('onion', 3, 18)"
121,interact,"(0, 0)",0.0,123.0,60.0,3.0,"(5, 2)","(0, -1)",onion,"(3, 2)","(1, 0)",dish,"(4, 2):soup('onion', 3, 19);(4, 3):empty","(4, 2):soup('onion', 3, 19)"
122,interact,"(0, 0)",0.0,123.0,60.0,3.0,"(5, 2)","(0, -1)",onion,"(3, 2)","(1, 0)",dish,"(4, 2):soup('onion', 3, 20);(4, 3):empty","(4, 2):soup('onion', 3, 20)"
123,interact,interact,5.0,128.0,60.0,3.0,"(5, 2)","(0, -1)",onion,"(3, 2)","(1, 0)","soup('onion', 3, 20)","(4, 2):empty;(4, 3):empty",
124,"(-1, 0)","(0, -1)",0.0,128.0,60.0,3.0,"(5, 2)","(-1, 0)",onion,"(3, 2)","(0, -1)","soup('onion', 3, 20)","(4, 2):empty;(4, 3):empty",
125,interact,interact,23.0,151.0,80.0,4.0,"(5, 2)","(-1, 0)",,"(3, 2)","(0, -1)",,"(4, 2):soup('onion', 1, 0);(4, 3):empty","(4, 2):soup('onion', 1, 0)"
126,"(0, -1)","(0, 1)",0.0,151.0,80.0,4.0,"(5, 2)","(0, -1)",,"(3, 3)","(0, 1)",,"(4, 2):soup('onion', 1, 0);(4, 3):empty","(4, 2):soup('onion', 1, 0)"
127,interact,"(0, 1)",0.0,151.0,80.0,4.0,"(5, 2)","(0, -1)",onion,"(3, 3)","(0, 1)",,"(4, 2):soup('onion', 1, 0);(4, 3):empty","(4, 2):soup('onion', 1, 0)"
128,"(-1, 0)",interact,3.0,154.0,80.0,4.0,"(5, 2)","(-1, 0)",onion,"(3, 3)","(0, 1)",dish,"(4, 2):soup('onion', 1, 0);(4, 3):empty","(4, 2):soup('onion', 1, 0)"
129,interact,"(0, -1)",3.0,157.0,80.0,4.0,"(5, 2)","(-1, 0)",,"(3, 2)","(0, -1)",dish,"(4, 2):soup('onion', 2, 0);(4, 3):empty","(4, 2):soup('onion', 2, 0)"
130,"(0, -1)","(1, 0)",0.0,157.0,80.0,4.0,"(5, 2)","(0, -1)",,"(3, 2)","(1, 0)",dish,"(4, 2):soup('onion', 2, 0);(4, 3):empty","(4, 2):soup('onion', 2, 0)"
131,interact,"(0, -1)",0.0,157.0,80.0,4.0,"(5, 2)","(0, -1)",onion,"(3, 2)","(0, -1)",dish,"(4, 2):soup('onion', 2, 0);(4, 3):empty","(4, 2):soup('onion', 2, 0)"
132,"(-1, 0)","(1, 0)",0.0,157.0,80.0,4.0,"(5, 2)","(-1, 0)",onion,"(3, 2)","(1, 0)",dish,"(4, 2):soup('onion', 2, 0);(4, 3):empty","(4, 2):soup('onion', 2, 0)"
133,interact,interact,3.0,160.0,80.0,4.0,"(5, 2)","(-1, 0)",,"(3, 2)","(1, 0)",dish,"(4, 2):soup('onion', 3, 1);(4, 3):empty","(4, 2):soup('onion', 3, 1)"
134,"(0, -1)",interact,0.0,160.0,80.0,4.0,"(5, 2)","(0, -1)",,"(3, 2)","(1, 0)",dish,"(4, 2):soup('onion', 3, 2);(4, 3):empty","(4, 2):soup('onion', 3, 2)"
135,interact,"(0, 0)",0.0,160.0,80.0,4.0,"(5, 2)","(0, -1)",onion,"(3, 2)","(1, 0)",dish,"(4, 2):soup('onion', 3, 3);(4, 3):empty","(4, 2):soup('onion', 3, 3)"
136,interact,"(0, 0)",0.0,160.0,80.0,4.0,"(5, 2)","(0, -1)",onion,"(3, 2)","(1, 0)",dish,"(4, 2):soup('onion', 3, 4);(4, 3):empty","(4, 2):soup('onion', 3, 4)"
137,interact,"(0, 0)",0.0,160.0,80.0,4.0,"(5, 2)","(0, -1)",onion,"(3, 2)","(1, 0)",dish,"(4, 2):soup('onion', 3, 5);(4, 3):empty","(4, 2):soup('onion', 3, 5)"
138,interact,"(0, 0)",0.0,160.0,80.0,4.0,"(5, 2)","(0, -1)",onion,"(3, 2)","(1, 0)",dish,"(4, 2):soup('onion', 3, 6);(4, 3):empty","(4, 2):soup('onion', 3, 6)"
139,interact,"(0, 0)",0.0,160.0,80.0,4.0,"(5, 2)","(0, -1)",onion,"(3, 2)","(1, 0)",dish,"(4, 2):soup('onion', 3, 7);(4, 3):empty","(4, 2):soup('onion', 3, 7)"
140,interact,"(0, 0)",0.0,160.0,80.0,4.0,"(5, 2)","(0, -1)",onion,"(3, 2)","(1, 0)",dish,"(4, 2):soup('onion', 3, 8);(4, 3):empty","(4, 2):soup('onion', 3, 8)"
141,interact,"(0, 0)",0.0,160.0,80.0,4.0,"(5, 2)","(0, -1)",onion,"(3, 2)","(1, 0)",dish,"(4, 2):soup('onion', 3, 9);(4, 3):empty","(4, 2):soup('onion', 3, 9)"
142,interact,"(0, 0)",0.0,160.0,80.0,4.0,"(5, 2)","(0, -1)",onion,"(3, 2)","(1, 0)",dish,"(4, 2):soup('onion', 3, 10);(4, 3):empty","(4, 2):soup('onion', 3, 10)"
143,interact,"(0, 0)",0.0,160.0,80.0,4.0,"(5, 2)","(0, -1)",onion,"(3, 2)","(1, 0)",dish,"(4, 2):soup('onion', 3, 11);(4, 3):empty","(4, 2):soup('onion', 3, 11)"
144,interact,"(0, 0)",0.0,160.0,80.0,4.0,"(5, 2)","(0, -1)",onion,"(3, 2)","(1, 0)",dish,"(4, 2):soup('onion', 3, 12);(4, 3):empty","(4, 2):soup('onion', 3, 12)"
145,interact,"(0, 0)",0.0,160.0,80.0,4.0,"(5, 2)","(0, -1)",onion,"(3, 2)","(1, 0)",dish,"(4, 2):soup('onion', 3, 13);(4, 3):empty","(4, 2):soup('onion', 3, 13)"
146,interact,"(0, 0)",0.0,160.0,80.0,4.0,"(5, 2)","(0, -1)",onion,"(3, 2)","(1, 0)",dish,"(4, 2):soup('onion', 3, 14);(4, 3):empty","(4, 2):soup('onion', 3, 14)"
147,interact,"(0, 0)",0.0,160.0,80.0,4.0,"(5, 2)","(0, -1)",onion,"(3, 2)","(1, 0)",dish,"(4, 2):soup('onion', 3, 15);(4, 3):empty","(4, 2):soup('onion', 3, 15)"
148,interact,"(0, 0)",0.0,160.0,80.0,4.0,"(5, 2)","(0, -1)",onion,"(3, 2)","(1, 0)",dish,"(4, 2):soup('onion', 3, 16);(4, 3):empty","(4, 2):soup('onion', 3, 16)"
149,interact,"(0, 0)",0.0,160.0,80.0,4.0,"(5, 2)","(0, -1)",onion,"(3, 2)","(1, 0)",dish,"(4, 2):soup('onion', 3, 17);(4, 3):empty","(4, 2):soup('onion', 3, 17)"
150,interact,"(0, 0)",0.0,160.0,80.0,4.0,"(5, 2)","(0, -1)",onion,"(3, 2)","(1, 0)",dish,"(4, 2):soup('onion', 3, 18);(4, 3):empty","(4, 2):soup('onion', 3, 18)"
151,interact,"(0, 0)",0.0,160.0,80.0,4.0,"(5, 2)","(0, -1)",onion,"(3, 2)","(1, 0)",dish,"(4, 2):soup('onion', 3, 19);(4, 3):empty","(4, 2):soup('onion', 3, 19)"
152,interact,"(0, 0)",0.0,160.0,80.0,4.0,"(5, 2)","(0, -1)",onion,"(3, 2)","(1, 0)",dish,"(4, 2):soup('onion', 3, 20);(4, 3):empty","(4, 2):soup('onion', 3, 20)"
153,interact,interact,5.0,165.0,80.0,4.0,"(5, 2)","(0, -1)",onion,"(3, 2)","(1, 0)","soup('onion', 3, 20)","(4, 2):empty;(4, 3):empty",
154,"(-1, 0)","(0, -1)",0.0,165.0,80.0,4.0,"(5, 2)","(-1, 0)",onion,"(3, 2)","(0, -1)","soup('onion', 3, 20)","(4, 2):empty;(4, 3):empty",
155,interact,interact,23.0,188.0,100.0,5.0,"(5, 2)","(-1, 0)",,"(3, 2)","(0, -1)",,"(4, 2):soup('onion', 1, 0);(4, 3):empty","(4, 2):soup('onion', 1, 0)"
156,"(0, -1)","(0, 1)",0.0,188.0,100.0,5.0,"(5, 2)","(0, -1)",,"(3, 3)","(0, 1)",,"(4, 2):soup('onion', 1, 0);(4, 3):empty","(4, 2):soup('onion', 1, 0)"
157,interact,"(0, 1)",0.0,188.0,100.0,5.0,"(5, 2)","(0, -1)",onion,"(3, 3)","(0, 1)",,"(4, 2):soup('onion', 1, 0);(4, 3):empty","(4, 2):soup('onion', 1, 0)"
158,"(-1, 0)",interact,3.0,191.0,100.0,5.0,"(5, 2)","(-1, 0)",onion,"(3, 3)","(0, 1)",dish,"(4, 2):soup('onion', 1, 0);(4, 3):empty","(4, 2):soup('onion', 1, 0)"
159,interact,"(0, -1)",3.0,194.0,100.0,5.0,"(5, 2)","(-1, 0)",,"(3, 2)","(0, -1)",dish,"(4, 2):soup('onion', 2, 0);(4, 3):empty","(4, 2):soup('onion', 2, 0)"
160,"(0, -1)","(1, 0)",0.0,194.0,100.0,5.0,"(5, 2)","(0, -1)",,"(3, 2)","(1, 0)",dish,"(4, 2):soup('onion', 2, 0);(4, 3):empty","(4, 2):soup('onion', 2, 0)"
161,interact,"(0, -1)",0.0,194.0,100.0,5.0,"(5, 2)","(0, -1)",onion,"(3, 2)","(0, -1)",dish,"(4, 2):soup('onion', 2, 0);(4, 3):empty","(4, 2):soup('onion', 2, 0)"
162,"(-1, 0)","(1, 0)",0.0,194.0,100.0,5.0,"(5, 2)","(-1, 0)",onion,"(3, 2)","(1, 0)",dish,"(4, 2):soup('onion', 2, 0);(4, 3):empty","(4, 2):soup('onion', 2, 0)"
163,interact,interact,3.0,197.0,100.0,5.0,"(5, 2)","(-1, 0)",,"(3, 2)","(1, 0)",dish,"(4, 2):soup('onion', 3, 1);(4, 3):empty","(4, 2):soup('onion', 3, 1)"
164,"(0, -1)",interact,0.0,197.0,100.0,5.0,"(5, 2)","(0, -1)",,"(3, 2)","(1, 0)",dish,"(4, 2):soup('onion', 3, 2);(4, 3):empty","(4, 2):soup('onion', 3, 2)"
165,interact,"(0, 0)",0.0,197.0,100.0,5.0,"(5, 2)","(0, -1)",onion,"(3, 2)","(1, 0)",dish,"(4, 2):soup('onion', 3, 3);(4, 3):empty","(4, 2):soup('onion', 3, 3)"
166,interact,"(0, 0)",0.0,197.0,100.0,5.0,"(5, 2)","(0, -1)",onion,"(3, 2)","(1, 0)",dish,"(4, 2):soup('onion', 3, 4);(4, 3):empty","(4, 2):soup('onion', 3, 4)"
167,interact,"(0, 0)",0.0,197.0,100.0,5.0,"(5, 2)","(0, -1)",onion,"(3, 2)","(1, 0)",dish,"(4, 2):soup('onion', 3, 5);(4, 3):empty","(4, 2):soup('onion', 3, 5)"
168,interact,"(0, 0)",0.0,197.0,100.0,5.0,"(5, 2)","(0, -1)",onion,"(3, 2)","(1, 0)",dish,"(4, 2):soup('onion', 3, 6);(4, 3):empty","(4, 2):soup('onion', 3, 6)"
169,interact,"(0, 0)",0.0,197.0,100.0,5.0,"(5, 2)","(0, -1)",onion,"(3, 2)","(1, 0)",dish,"(4, 2):soup('onion', 3, 7);(4, 3):empty","(4, 2):soup('onion', 3, 7)"
170,interact,"(0, 0)",0.0,197.0,100.0,5.0,"(5, 2)","(0, -1)",onion,"(3, 2)","(1, 0)",dish,"(4, 2):soup('onion', 3, 8);(4, 3):empty","(4, 2):soup('onion', 3, 8)"
171,interact,"(0, 0)",0.0,197.0,100.0,5.0,"(5, 2)","(0, -1)",onion,"(3, 2)","(1, 0)",dish,"(4, 2):soup('onion', 3, 9);(4, 3):empty","(4, 2):soup('onion', 3, 9)"
172,interact,"(0, 0)",0.0,197.0,100.0,5.0,"(5, 2)","(0, -1)",onion,"(3, 2)","(1, 0)",dish,"(4, 2):soup('onion', 3, 10);(4, 3):empty","(4, 2):soup('onion', 3, 10)"
173,interact,"(0, 0)",0.0,197.0,100.0,5.0,"(5, 2)","(0, -1)",onion,"(3, 2)","(1, 0)",dish,"(4, 2):soup('onion', 3, 11);(4, 3):empty","(4, 2):soup('onion', 3, 11)"
174,interact,"(0, 0)",0.0,197.0,100.0,5.0,"(5, 2)","(0, -1)",onion,"(3, 2)","(1, 0)",dish,"(4, 2):soup('onion', 3, 12);(4, 3):empty","(4, 2):soup('onion', 3, 12)"
175,interact,"(0, 0)",0.0,197.0,100.0,5.0,"(5, 2)","(0, -1)",onion,"(3, 2)","(1, 0)",dish,"(4, 2):soup('onion', 3, 13);(4, 3):empty","(4, 2):soup('onion', 3, 13)"
176,interact,"(0, 0)",0.0,197.0,100.0,5.0,"(5, 2)","(0, -1)",onion,"(3, 2)","(1, 0)",dish,"(4, 2):soup('onion', 3, 14);(4, 3):empty","(4, 2):soup('onion', 3, 14)"
177,interact,"(0, 0)",0.0,197.0,100.0,5.0,"(5, 2)","(0, -1)",onion,"(3, 2)","(1, 0)",dish,"(4, 2):soup('onion', 3, 15);(4, 3):empty","(4, 2):soup('onion', 3, 15)"
178,interact,"(0, 0)",0.0,197.0,100.0,5.0,"(5, 2)","(0, -1)",onion,"(3, 2)","(1, 0)",dish,"(4, 2):soup('onion', 3, 16);(4, 3):empty","(4, 2):soup('onion', 3, 16)"
179,interact,"(0, 0)",0.0,197.0,100.0,5.0,"(5, 2)","(0, -1)",onion,"(3, 2)","(1, 0)",dish,"(4, 2):soup('onion', 3, 17);(4, 3):empty","(4, 2):soup('onion', 3, 17)"
180,interact,"(0, 0)",0.0,197.0,100.0,5.0,"(5, 2)","(0, -1)",onion,"(3, 2)","(1, 0)",dish,"(4, 2):soup('onion', 3, 18);(4, 3):empty","(4, 2):soup('onion', 3, 18)"
181,interact,"(0, 0)",0.0,197.0,100.0,5.0,"(5, 2)","(0, -1)",onion,"(3, 2)","(1, 0)",dish,"(4, 2):soup('onion', 3, 19);(4, 3):empty","(4, 2):soup('onion', 3, 19)"
182,interact,"(0, 0)",0.0,197.0,100.0,5.0,"(5, 2)","(0, -1)",onion,"(3, 2)","(1, 0)",dish,"(4, 2):soup('onion', 3, 20);(4, 3):empty","(4, 2):soup('onion', 3, 20)"
183,interact,interact,5.0,202.0,100.0,5.0,"(5, 2)","(0, -1)",onion,"(3, 2)","(1, 0)","soup('onion', 3, 20)","(4, 2):empty;(4, 3):empty",
184,"(-1, 0)","(0, -1)",0.0,202.0,100.0,5.0,"(5, 2)","(-1, 0)",onion,"(3, 2)","(0, -1)","soup('onion', 3, 20)","(4, 2):empty;(4, 3):empty",
185,interact,interact,23.0,225.0,120.0,6.0,"(5, 2)","(-1, 0)",,"(3, 2)","(0, -1)",,"(4, 2):soup('onion', 1, 0);(4, 3):empty","(4, 2):soup('onion', 1, 0)"
186,"(0, -1)","(0, 1)",0.0,225.0,120.0,6.0,"(5, 2)","(0, -1)",,"(3, 3)","(0, 1)",,"(4, 2):soup('onion', 1, 0);(4, 3):empty","(4, 2):soup('onion', 1, 0)"
187,interact,"(0, 1)",0.0,225.0,120.0,6.0,"(5, 2)","(0, -1)",onion,"(3, 3)","(0, 1)",,"(4, 2):soup('onion', 1, 0);(4, 3):empty","(4, 2):soup('onion', 1, 0)"
188,"(-1, 0)",interact,3.0,228.0,120.0,6.0,"(5, 2)","(-1, 0)",onion,"(3, 3)","(0, 1)",dish,"(4, 2):soup('onion', 1, 0);(4, 3):empty","(4, 2):soup('onion', 1, 0)"
189,interact,"(0, -1)",3.0,231.0,120.0,6.0,"(5, 2)","(-1, 0)",,"(3, 2)","(0, -1)",dish,"(4, 2):soup('onion', 2, 0);(4, 3):empty","(4, 2):soup('onion', 2, 0)"
190,"(0, -1)","(1, 0)",0.0,231.0,120.0,6.0,"(5, 2)","(0, -1)",,"(3, 2)","(1, 0)",dish,"(4, 2):soup('onion', 2, 0);(4, 3):empty","(4, 2):soup('onion', 2, 0)"
191,interact,"(0, -1)",0.0,231.0,120.0,6.0,"(5, 2)","(0, -1)",onion,"(3, 2)","(0, -1)",dish,"(4, 2):soup('onion', 2, 0);(4, 3):empty","(4, 2):soup('onion', 2, 0)"
192,"(-1, 0)","(1, 0)",0.0,231.0,120.0,6.0,"(5, 2)","(-1, 0)",onion,"(3, 2)","(1, 0)",dish,"(4, 2):soup('onion', 2, 0);(4, 3):empty","(4, 2):soup('onion', 2, 0)"
193,interact,interact,3.0,234.0,120.0,6.0,"(5, 2)","(-1, 0)",,"(3, 2)","(1, 0)",dish,"(4, 2):soup('onion', 3, 1);(4, 3):empty","(4, 2):soup('onion', 3, 1)"
194,"(0, -1)",interact,0.0,234.0,120.0,6.0,"(5, 2)","(0, -1)",,"(3, 2)","(1, 0)",dish,"(4, 2):soup('onion', 3, 2);(4, 3):empty","(4, 2):soup('onion', 3, 2)"
195,interact,"(0, 0)",0.0,234.0,120.0,6.0,"(5, 2)","(0, -1)",onion,"(3, 2)","(1, 0)",dish,"(4, 2):soup('onion', 3, 3);(4, 3):empty","(4, 2):soup('onion', 3, 3)"
196,interact,"(0, 0)",0.0,234.0,120.0,6.0,"(5, 2)","(0, -1)",onion,"(3, 2)","(1, 0)",dish,"(4, 2):soup('onion', 3, 4);(4, 3):empty","(4, 2):soup('onion', 3, 4)"
197,interact,"(0, 0)",0.0,234.0,120.0,6.0,"(5, 2)","(0, -1)",onion,"(3, 2)","(1, 0)",dish,"(4, 2):soup('onion', 3, 5);(4, 3):empty","(4, 2):soup('onion', 3, 5)"
198,interact,"(0, 0)",0.0,234.0,120.0,6.0,"(5, 2)","(0, -1)",onion,"(3, 2)","(1, 0)",dish,"(4, 2):soup('onion', 3, 6);(4, 3):empty","(4, 2):soup('onion', 3, 6)"
199,interact,"(0, 0)",0.0,234.0,120.0,6.0,"(5, 2)","(0, -1)",onion,"(3, 2)","(1, 0)",dish,"(4, 2):soup('onion', 3, 7);(4, 3):empty","(4, 2):soup('onion', 3, 7)"
200,interact,"(0, 0)",0.0,234.0,120.0,6.0,"(5, 2)","(0, -1)",onion,"(3, 2)","(1, 0)",dish,"(4, 2):soup('onion', 3, 8);(4, 3):empty","(4, 2):soup('onion', 3, 8)"
201,interact,"(0, 0)",0.0,234.0,120.0,6.0,"(5, 2)","(0, -1)",onion,"(3, 2)","(1, 0)",dish,"(4, 2):soup('onion', 3, 9);(4, 3):empty","(4, 2):soup('onion', 3, 9)"
202,interact,"(0, 0)",0.0,234.0,120.0,6.0,"(5, 2)","(0, -1)",onion,"(3, 2)","(1, 0)",dish,"(4, 2):soup('onion', 3, 10);(4, 3):empty","(4, 2):soup('onion', 3, 10)"
203,interact,"(0, 0)",0.0,234.0,120.0,6.0,"(5, 2)","(0, -1)",onion,"(3, 2)","(1, 0)",dish,"(4, 2):soup('onion', 3, 11);(4, 3):empty","(4, 2):soup('onion', 3, 11)"
204,interact,"(0, 0)",0.0,234.0,120.0,6.0,"(5, 2)","(0, -1)",onion,"(3, 2)","(1, 0)",dish,"(4, 2):soup('onion', 3, 12);(4, 3):empty","(4, 2):soup('onion', 3, 12)"
205,interact,"(0, 0)",0.0,234.0,120.0,6.0,"(5, 2)","(0, -1)",onion,"(3, 2)","(1, 0)",dish,"(4, 2):soup('onion', 3, 13);(4, 3):empty","(4, 2):soup('onion', 3, 13)"
206,interact,"(0, 0)",0.0,234.0,120.0,6.0,"(5, 2)","(0, -1)",onion,"(3, 2)","(1, 0)",dish,"(4, 2):soup('onion', 3, 14);(4, 3):empty","(4, 2):soup('onion', 3, 14)"
207,interact,"(0, 0)",0.0,234.0,120.0,6.0,"(5, 2)","(0, -1)",onion,"(3, 2)","(1, 0)",dish,"(4, 2):soup('onion', 3, 15);(4, 3):empty","(4, 2):soup('onion', 3, 15)"
208,interact,"(0, 0)",0.0,234.0,120.0,6.0,"(5, 2)","(0, -1)",onion,"(3, 2)","(1, 0)",dish,"(4, 2):soup('onion', 3, 16);(4, 3):empty","(4, 2):soup('onion', 3, 16)"
209,interact,"(0, 0)",0.0,234.0,120.0,6.0,"(5, 2)","(0, -1)",onion,"(3, 2)","(1, 0)",dish,"(4, 2):soup('onion', 3, 17);(4, 3):empty","(4, 2):soup('onion', 3, 17)"
210,interact,"(0, 0)",0.0,234.0,120.0,6.0,"(5, 2)","(0, -1)",onion,"(3, 2)","(1, 0)",dish,"(4, 2):soup('onion', 3, 18);(4, 3):empty","(4, 2):soup('onion', 3, 18)"
211,interact,"(0, 0)",0.0,234.0,120.0,6.0,"(5, 2)","(0, -1)",onion,"(3, 2)","(1, 0)",dish,"(4, 2):soup('onion', 3, 19);(4, 3):empty","(4, 2):soup('onion', 3, 19)"
212,interact,"(0, 0)",0.0,234.0,120.0,6.0,"(5, 2)","(0, -1)",onion,"(3, 2)","(1, 0)",dish,"(4, 2):soup('onion', 3, 20);(4, 3):empty","(4, 2):soup('onion', 3, 20)"
213,interact,interact,5.0,239.0,120.0,6.0,"(5, 2)","(0, -1)",onion,"(3, 2)","(1, 0)","soup('onion', 3, 20)","(4, 2):empty;(4, 3):empty",
214,"(-1, 0)","(0, -1)",0.0,239.0,120.0,6.0,"(5, 2)","(-1, 0)",onion,"(3, 2)","(0, -1)","soup('onion', 3, 20)","(4, 2):empty;(4, 3):empty",
215,interact,interact,23.0,262.0,140.0,7.0,"(5, 2)","(-1, 0)",,"(3, 2)","(0, -1)",,"(4, 2):soup('onion', 1, 0);(4, 3):empty","(4, 2):soup('onion', 1, 0)"
216,"(0, -1)","(0, 1)",0.0,262.0,140.0,7.0,"(5, 2)","(0, -1)",,"(3, 3)","(0, 1)",,"(4, 2):soup('onion', 1, 0);(4, 3):empty","(4, 2):soup('onion', 1, 0)"
217,interact,"(0, 1)",0.0,262.0,140.0,7.0,"(5, 2)","(0, -1)",onion,"(3, 3)","(0, 1)",,"(4, 2):soup('onion', 1, 0);(4, 3):empty","(4, 2):soup('onion', 1, 0)"
218,"(-1, 0)",interact,3.0,265.0,140.0,7.0,"(5, 2)","(-1, 0)",onion,"(3, 3)","(0, 1)",dish,"(4, 2):soup('onion', 1, 0);(4, 3):empty","(4, 2):soup('onion', 1, 0)"
219,interact,"(0, -1)",3.0,268.0,140.0,7.0,"(5, 2)","(-1, 0)",,"(3, 2)","(0, -1)",dish,"(4, 2):soup('onion', 2, 0);(4, 3):empty","(4, 2):soup('onion', 2, 0)"
220,"(0, -1)","(1, 0)",0.0,268.0,140.0,7.0,"(5, 2)","(0, -1)",,"(3, 2)","(1, 0)",dish,"(4, 2):soup('onion', 2, 0);(4, 3):empty","(4, 2):soup('onion', 2, 0)"
221,interact,"(0, -1)",0.0,268.0,140.0,7.0,"(5, 2)","(0, -1)",onion,"(3, 2)","(0, -1)",dish,"(4, 2):soup('onion', 2, 0);(4, 3):empty","(4, 2):soup('onion', 2, 0)"
222,"(-1, 0)","(1, 0)",0.0,268.0,140.0,7.0,"(5, 2)","(-1, 0)",onion,"(3, 2)","(1, 0)",dish,"(4, 2):soup('onion', 2, 0);(4, 3):empty","(4, 2):soup('onion', 2, 0)"
223,interact,interact,3.0,271.0,140.0,7.0,"(5, 2)","(-1, 0)",,"(3, 2)","(1, 0)",dish,"(4, 2):soup('onion', 3, 1);(4, 3):empty","(4, 2):soup('onion', 3, 1)"
224,"(0, -1)",interact,0.0,271.0,140.0,7.0,"(5, 2)","(0, -1)",,"(3, 2)","(1, 0)",dish,"(4, 2):soup('onion', 3, 2);(4, 3):empty","(4, 2):soup('onion', 3, 2)"
225,interact,"(0, 0)",0.0,271.0,140.0,7.0,"(5, 2)","(0, -1)",onion,"(3, 2)","(1, 0)",dish,"(4, 2):soup('onion', 3, 3);(4, 3):empty","(4, 2):soup('onion', 3, 3)"
226,interact,"(0, 0)",0.0,271.0,140.0,7.0,"(5, 2)","(0, -1)",onion,"(3, 2)","(1, 0)",dish,"(4, 2):soup('onion', 3, 4);(4, 3):empty","(4, 2):soup('onion', 3, 4)"
227,interact,"(0, 0)",0.0,271.0,140.0,7.0,"(5, 2)","(0, -1)",onion,"(3, 2)","(1, 0)",dish,"(4, 2):soup('onion', 3, 5);(4, 3):empty","(4, 2):soup('onion', 3, 5)"
228,interact,"(0, 0)",0.0,271.0,140.0,7.0,"(5, 2)","(0, -1)",onion,"(3, 2)","(1, 0)",dish,"(4, 2):soup('onion', 3, 6);(4, 3):empty","(4, 2):soup('onion', 3, 6)"
229,interact,"(0, 0)",0.0,271.0,140.0,7.0,"(5, 2)","(0, -1)",onion,"(3, 2)","(1, 0)",dish,"(4, 2):soup('onion', 3, 7);(4, 3):empty","(4, 2):soup('onion', 3, 7)"
230,interact,"(0, 0)",0.0,271.0,140.0,7.0,"(5, 2)","(0, -1)",onion,"(3, 2)","(1, 0)",dish,"(4, 2):soup('onion', 3, 8);(4, 3):empty","(4, 2):soup('onion', 3, 8)"
231,interact,"(0, 0)",0.0,271.0,140.0,7.0,"(5, 2)","(0, -1)",onion,"(3, 2)","(1, 0)",dish,"(4, 2):soup('onion', 3, 9);(4, 3):empty","(4, 2):soup('onion', 3, 9)"
232,interact,"(0, 0)",0.0,271.0,140.0,7.0,"(5, 2)","(0, -1)",onion,"(3, 2)","(1, 0)",dish,"(4, 2):soup('onion', 3, 10);(4, 3):empty","(4, 2):soup('onion', 3, 10)"
233,interact,"(0, 0)",0.0,271.0,140.0,7.0,"(5, 2)","(0, -1)",onion,"(3, 2)","(1, 0)",dish,"(4, 2):soup('onion', 3, 11);(4, 3):empty","(4, 2):soup('onion', 3, 11)"
234,interact,"(0, 0)",0.0,271.0,140.0,7.0,"(5, 2)","(0, -1)",onion,"(3, 2)","(1, 0)",dish,"(4, 2):soup('onion', 3, 12);(4, 3):empty","(4, 2):soup('onion', 3, 12)"
235,interact,"(0, 0)",0.0,271.0,140.0,7.0,"(5, 2)","(0, -1)",onion,"(3, 2)","(1, 0)",dish,"(4, 2):soup('onion', 3, 13);(4, 3):empty","(4, 2):soup('onion', 3, 13)"
236,interact,"(0, 0)",0.0,271.0,140.0,7.0,"(5, 2)","(0, -1)",onion,"(3, 2)","(1, 0)",dish,"(4, 2):soup('onion', 3, 14);(4, 3):empty","(4, 2):soup('onion', 3, 14)"
237,interact,"(0, 0)",0.0,271.0,140.0,7.0,"(5, 2)","(0, -1)",onion,"(3, 2)","(1, 0)",dish,"(4, 2):soup('onion', 3, 15);(4, 3):empty","(4, 2):soup('onion', 3, 15)"
238,interact,"(0, 0)",0.0,271.0,140.0,7.0,"(5, 2)","(0, -1)",onion,"(3, 2)","(1, 0)",dish,"(4, 2):soup('onion', 3, 16);(4, 3):empty","(4, 2):soup('onion', 3, 16)"
239,interact,"(0, 0)",0.0,271.0,140.0,7.0,"(5, 2)","(0, -1)",onion,"(3, 2)","(1, 0)",dish,"(4, 2):soup('onion', 3, 17);(4, 3):empty","(4, 2):soup('onion', 3, 17)"
240,interact,"(0, 0)",0.0,271.0,140.0,7.0,"(5, 2)","(0, -1)",onion,"(3, 2)","(1, 0)",dish,"(4, 2):soup('onion', 3, 18);(4, 3):empty","(4, 2):soup('onion', 3, 18)"
241,interact,"(0, 0)",0.0,271.0,140.0,7.0,"(5, 2)","(0, -1)",onion,"(3, 2)","(1, 0)",dish,"(4, 2):soup('onion', 3, 19);(4, 3):empty","(4, 2):soup('onion', 3, 19)"
242,interact,"(0, 0)",0.0,271.0,140.0,7.0,"(5, 2)","(0, -1)",onion,"(3, 2)","(1, 0)",dish,"(4, 2):soup('onion', 3, 20);(4, 3):empty","(4, 2):soup('onion', 3, 20)"
243,interact,interact,5.0,276.0,140.0,7.0,"(5, 2)","(0, -1)",onion,"(3, 2)","(1, 0)","soup('onion', 3, 20)","(4, 2):empty;(4, 3):empty",
244,"(-1, 0)","(0, -1)",0.0,276.0,140.0,7.0,"(5, 2)","(-1, 0)",onion,"(3, 2)","(0, -1)","soup('onion', 3, 20)","(4, 2):empty;(4, 3):empty",
245,interact,interact,23.0,299.0,160.0,8.0,"(5, 2)","(-1, 0)",,"(3, 2)","(0, -1)",,"(4, 2):soup('onion', 1, 0);(4, 3):empty","(4, 2):soup('onion', 1, 0)"
246,"(0, -1)","(0, 1)",0.0,299.0,160.0,8.0,"(5, 2)","(0, -1)",,"(3, 3)","(0, 1)",,"(4, 2):soup('onion', 1, 0);(4, 3):empty","(4, 2):soup('onion', 1, 0)"
247,interact,"(0, 1)",0.0,299.0,160.0,8.0,"(5, 2)","(0, -1)",onion,"(3, 3)","(0, 1)",,"(4, 2):soup('onion', 1, 0);(4, 3):empty","(4, 2):soup('onion', 1, 0)"
248,"(-1, 0)",interact,3.0,302.0,160.0,8.0,"(5, 2)","(-1, 0)",onion,"(3, 3)","(0, 1)",dish,"(4, 2):soup('onion', 1, 0);(4, 3):empty","(4, 2):soup('onion', 1, 0)"
249,interact,"(0, -1)",3.0,305.0,160.0,8.0,"(5, 2)","(-1, 0)",,"(3, 2)","(0, -1)",dish,"(4, 2):soup('onion', 2, 0);(4, 3):empty","(4, 2):soup('onion', 2, 0)"
250,"(0, -1)","(1, 0)",0.0,305.0,160.0,8.0,"(5, 2)","(0, -1)",,"(3, 2)","(1, 0)",dish,"(4, 2):soup('onion', 2, 0);(4, 3):empty","(4, 2):soup('onion', 2, 0)"
251,interact,"(0, -1)",0.0,305.0,160.0,8.0,"(5, 2)","(0, -1)",onion,"(3, 2)","(0, -1)",dish,"(4, 2):soup('onion', 2, 0);(4, 3):empty","(4, 2):soup('onion', 2, 0)"
252,"(-1, 0)","(1, 0)",0.0,305.0,160.0,8.0,"(5, 2)","(-1, 0)",onion,"(3, 2)","(1, 0)",dish,"(4, 2):soup('onion', 2, 0);(4, 3):empty","(4, 2):soup('onion', 2, 0)"
253,interact,interact,3.0,308.0,160.0,8.0,"(5, 2)","(-1, 0)",,"(3, 2)","(1, 0)",dish,"(4, 2):soup('onion', 3, 1);(4, 3):empty","(4, 2):soup('onion', 3, 1)"
254,"(0, -1)",interact,0.0,308.0,160.0,8.0,"(5, 2)","(0, -1)",,"(3, 2)","(1, 0)",dish,"(4, 2):soup('onion', 3, 2);(4, 3):empty","(4, 2):soup('onion', 3, 2)"
255,interact,"(0, 0)",0.0,308.0,160.0,8.0,"(5, 2)","(0, -1)",onion,"(3, 2)","(1, 0)",dish,"(4, 2):soup('onion', 3, 3);(4, 3):empty","(4, 2):soup('onion', 3, 3)"
256,interact,"(0, 0)",0.0,308.0,160.0,8.0,"(5, 2)","(0, -1)",onion,"(3, 2)","(1, 0)",dish,"(4, 2):soup('onion', 3, 4);(4, 3):empty","(4, 2):soup('onion', 3, 4)"
257,interact,"(0, 0)",0.0,308.0,160.0,8.0,"(5, 2)","(0, -1)",onion,"(3, 2)","(1, 0)",dish,"(4, 2):soup('onion', 3, 5);(4, 3):empty","(4, 2):soup('onion', 3, 5)"
258,interact,"(0, 0)",0.0,308.0,160.0,8.0,"(5, 2)","(0, -1)",onion,"(3, 2)","(1, 0)",dish,"(4, 2):soup('onion', 3, 6);(4, 3):empty","(4, 2):soup('onion', 3, 6)"
259,interact,"(0, 0)",0.0,308.0,160.0,8.0,"(5, 2)","(0, -1)",onion,"(3, 2)","(1, 0)",dish,"(4, 2):soup('onion', 3, 7);(4, 3):empty","(4, 2):soup('onion', 3, 7)"
260,interact,"(0, 0)",0.0,308.0,160.0,8.0,"(5, 2)","(0, -1)",onion,"(3, 2)","(1, 0)",dish,"(4, 2):soup('onion', 3, 8);(4, 3):empty","(4, 2):soup('onion', 3, 8)"
261,interact,"(0, 0)",0.0,308.0,160.0,8.0,"(5, 2)","(0, -1)",onion,"(3, 2)","(1, 0)",dish,"(4, 2):soup('onion', 3, 9);(4, 3):empty","(4, 2):soup('onion', 3, 9)"
262,interact,"(0, 0)",0.0,308.0,160.0,8.0,"(5, 2)","(0, -1)",onion,"(3, 2)","(1, 0)",dish,"(4, 2):soup('onion', 3, 10);(4, 3):empty","(4, 2):soup('onion', 3, 10)"
263,interact,"(0, 0)",0.0,308.0,160.0,8.0,"(5, 2)","(0, -1)",onion,"(3, 2)","(1, 0)",dish,"(4, 2):soup('onion', 3, 11);(4, 3):empty","(4, 2):soup('onion', 3, 11)"
264,interact,"(0, 0)",0.0,308.0,160.0,8.0,"(5, 2)","(0, -1)",onion,"(3, 2)","(1, 0)",dish,"(4, 2):soup('onion', 3, 12);(4, 3):empty","(4, 2):soup('onion', 3, 12)"
265,interact,"(0, 0)",0.0,308.0,160.0,8.0,"(5, 2)","(0, -1)",onion,"(3, 2)","(1, 0)",dish,"(4, 2):soup('onion', 3, 13);(4, 3):empty","(4, 2):soup('onion', 3, 13)"
266,interact,"(0, 0)",0.0,308.0,160.0,8.0,"(5, 2)","(0, -1)",onion,"(3, 2)","(1, 0)",dish,"(4, 2):soup('onion', 3, 14);(4, 3):empty","(4, 2):soup('onion', 3, 14)"
267,interact,"(0, 0)",0.0,308.0,160.0,8.0,"(5, 2)","(0, -1)",onion,"(3, 2)","(1, 0)",dish,"(4, 2):soup('onion', 3, 15);(4, 3):empty","(4, 2):soup('onion', 3, 15)"
268,interact,"(0, 0)",0.0,308.0,160.0,8.0,"(5, 2)","(0, -1)",onion,"(3, 2)","(1, 0)",dish,"(4, 2):soup('onion', 3, 16);(4, 3):empty","(4, 2):soup('onion', 3, 16)"
269,interact,"(0, 0)",0.0,308.0,160.0,8.0,"(5, 2)","(0, -1)",onion,"(3, 2)","(1, 0)",dish,"(4, 2):soup('onion', 3, 17);(4, 3):empty","(4, 2):soup('onion', 3, 17)"
270,interact,"(0, 0)",0.0,308.0,160.0,8.0,"(5, 2)","(0, -1)",onion,"(3, 2)","(1, 0)",dish,"(4, 2):soup('onion', 3, 18);(4, 3):empty","(4, 2):soup('onion', 3, 18)"
271,interact,"(0, 0)",0.0,308.0,160.0,8.0,"(5, 2)","(0, -1)",onion,"(3, 2)","(1, 0)",dish,"(4, 2):soup('onion', 3, 19);(4, 3):empty","(4, 2):soup('onion', 3, 19)"
272,interact,"(0, 0)",0.0,308.0,160.0,8.0,"(5, 2)","(0, -1)",onion,"(3, 2)","(1, 0)",dish,"(4, 2):soup('onion', 3, 20);(4, 3):empty","(4, 2):soup('onion', 3, 20)"
273,interact,interact,5.0,313.0,160.0,8.0,"(5, 2)","(0, -1)",onion,"(3, 2)","(1, 0)","soup('onion', 3, 20)","(4, 2):empty;(4, 3):empty",
274,"(-1, 0)","(0, -1)",0.0,313.0,160.0,8.0,"(5, 2)","(-1, 0)",onion,"(3, 2)","(0, -1)","soup('onion', 3, 20)","(4, 2):empty;(4, 3):empty",
275,interact,interact,23.0,336.0,180.0,9.0,"(5, 2)","(-1, 0)",,"(3, 2)","(0, -1)",,"(4, 2):soup('onion', 1, 0);(4, 3):empty","(4, 2):soup('onion', 1, 0)"
276,"(0, -1)","(0, 1)",0.0,336.0,180.0,9.0,"(5, 2)","(0, -1)",,"(3, 3)","(0, 1)",,"(4, 2):soup('onion', 1, 0);(4, 3):empty","(4, 2):soup('onion', 1, 0)"
277,interact,"(0, 1)",0.0,336.0,180.0,9.0,"(5, 2)","(0, -1)",onion,"(3, 3)","(0, 1)",,"(4, 2):soup('onion', 1, 0);(4, 3):empty","(4, 2):soup('onion', 1, 0)"
278,"(-1, 0)",interact,3.0,339.0,180.0,9.0,"(5, 2)","(-1, 0)",onion,"(3, 3)","(0, 1)",dish,"(4, 2):soup('onion', 1, 0);(4, 3):empty","(4, 2):soup('onion', 1, 0)"
279,interact,"(0, -1)",3.0,342.0,180.0,9.0,"(5, 2)","(-1, 0)",,"(3, 2)","(0, -1)",dish,"(4, 2):soup('onion', 2, 0);(4, 3):empty","(4, 2):soup('onion', 2, 0)"
280,"(0, -1)","(1, 0)",0.0,342.0,180.0,9.0,"(5, 2)","(0, -1)",,"(3, 2)","(1, 0)",dish,"(4, 2):soup('onion', 2, 0);(4, 3):empty","(4, 2):soup('onion', 2, 0)"
281,interact,"(0, -1)",0.0,342.0,180.0,9.0,"(5, 2)","(0, -1)",onion,"(3, 2)","(0, -1)",dish,"(4, 2):soup('onion', 2, 0);(4, 3):empty","(4, 2):soup('onion', 2, 0)"
282,"(-1, 0)","(1, 0)",0.0,342.0,180.0,9.0,"(5, 2)","(-1, 0)",onion,"(3, 2)","(1, 0)",dish,"(4, 2):soup('onion', 2, 0);(4, 3):empty","(4, 2):soup('onion', 2, 0)"
283,interact,interact,3.0,345.0,180.0,9.0,"(5, 2)","(-1, 0)",,"(3, 2)","(1, 0)",dish,"(4, 2):soup('onion', 3, 1);(4, 3):empty","(4, 2):soup('onion', 3, 1)"
284,"(0, -1)",interact,0.0,345.0,180.0,9.0,"(5, 2)","(0, -1)",,"(3, 2)","(1, 0)",dish,"(4, 2):soup('onion', 3, 2);(4, 3):empty","(4, 2):soup('onion', 3, 2)"
285,interact,"(0, 0)",0.0,345.0,180.0,9.0,"(5, 2)","(0, -1)",onion,"(3, 2)","(1, 0)",dish,"(4, 2):soup('onion', 3, 3);(4, 3):empty","(4, 2):soup('onion', 3, 3)"
286,interact,"(0, 0)",0.0,345.0,180.0,9.0,"(5, 2)","(0, -1)",onion,"(3, 2)","(1, 0)",dish,"(4, 2):soup('onion', 3, 4);(4, 3):empty","(4, 2):soup('onion', 3, 4)"
287,interact,"(0, 0)",0.0,345.0,180.0,9.0,"(5, 2)","(0, -1)",onion,"(3, 2)","(1, 0)",dish,"(4, 2):soup('onion', 3, 5);(4, 3):empty","(4, 2):soup('onion', 3, 5)"
288,interact,"(0, 0)",0.0,345.0,180.0,9.0,"(5, 2)","(0, -1)",onion,"(3, 2)","(1, 0)",dish,"(4, 2):soup('onion', 3, 6);(4, 3):empty","(4, 2):soup('onion', 3, 6)"
289,interact,"(0, 0)",0.0,345.0,180.0,9.0,"(5, 2)","(0, -1)",onion,"(3, 2)","(1, 0)",dish,"(4, 2):soup('onion', 3, 7);(4, 3):empty","(4, 2):soup('onion', 3, 7)"
290,interact,"(0, 0)",0.0,345.0,180.0,9.0,"(5, 2)","(0, -1)",onion,"(3, 2)","(1, 0)",dish,"(4, 2):soup('onion', 3, 8);(4, 3):empty","(4, 2):soup('onion', 3, 8)"
291,interact,"(0, 0)",0.0,345.0,180.0,9.0,"(5, 2)","(0, -1)",onion,"(3, 2)","(1, 0)",dish,"(4, 2):soup('onion', 3, 9);(4, 3):empty","(4, 2):soup('onion', 3, 9)"
292,interact,"(0, 0)",0.0,345.0,180.0,9.0,"(5, 2)","(0, -1)",onion,"(3, 2)","(1, 0)",dish,"(4, 2):soup('onion', 3, 10);(4, 3):empty","(4, 2):soup('onion', 3, 10)"
293,interact,"(0, 0)",0.0,345.0,180.0,9.0,"(5, 2)","(0, -1)",onion,"(3, 2)","(1, 0)",dish,"(4, 2):soup('onion', 3, 11);(4, 3):empty","(4, 2):soup('onion', 3, 11)"
294,interact,"(0, 0)",0.0,345.0,180.0,9.0,"(5, 2)","(0, -1)",onion,"(3, 2)","(1, 0)",dish,"(4, 2):soup('onion', 3, 12);(4, 3):empty","(4, 2):soup('onion', 3, 12)"
295,interact,"(0, 0)",0.0,345.0,180.0,9.0,"(5, 2)","(0, -1)",onion,"(3, 2)","(1, 0)",dish,"(4, 2):soup('onion', 3, 13);(4, 3):empty","(4, 2):soup('onion', 3, 13)"
296,interact,"(0, 0)",0.0,345.0,180.0,9.0,"(5, 2)","(0, -1)",onion,"(3, 2)","(1, 0)",dish,"(4, 2):soup('onion', 3, 14);(4, 3):empty","(4, 2):soup('onion', 3, 14)"
297,interact,"(0, 0)",0.0,345.0,180.0,9.0,"(5, 2)","(0, -1)",onion,"(3, 2)","(1, 0)",dish,"(4, 2):soup('onion', 3, 15);(4, 3):empty","(4, 2):soup('onion', 3, 15)"
298,interact,"(0, 0)",0.0,345.0,180.0,9.0,"(5, 2)","(0, -1)",onion,"(3, 2)","(1, 0)",dish,"(4, 2):soup('onion', 3, 16);(4, 3):empty","(4, 2):soup('onion', 3, 16)"
299,interact,"(0, 0)",0.0,345.0,180.0,9.0,"(5, 2)","(0, -1)",onion,"(3, 2)","(1, 0)",dish,"(4, 2):soup('onion', 3, 17);(4, 3):empty","(4, 2):soup('onion', 3, 17)"
300,interact,"(0, 0)",0.0,345.0,180.0,9.0,"(5, 2)","(0, -1)",onion,"(3, 2)","(1, 0)",dish,"(4, 2):soup('onion', 3, 18);(4, 3):empty","(4, 2):soup('onion', 3, 18)"
301,interact,"(0, 0)",0.0,345.0,180.0,9.0,"(5, 2)","(0, -1)",onion,"(3, 2)","(1, 0)",dish,"(4, 2):soup('onion', 3, 19);(4, 3):empty","(4, 2):soup('onion', 3, 19)"
302,interact,"(0, 0)",0.0,345.0,180.0,9.0,"(5, 2)","(0, -1)",onion,"(3, 2)","(1, 0)",dish,"(4, 2):soup('onion', 3, 20);(4, 3):empty","(4, 2):soup('onion', 3, 20)"
303,interact,interact,5.0,350.0,180.0,9.0,"(5, 2)","(0, -1)",onion,"(3, 2)","(1, 0)","soup('onion', 3, 20)","(4, 2):empty;(4, 3):empty",
304,"(-1, 0)","(0, -1)",0.0,350.0,180.0,9.0,"(5, 2)","(-1, 0)",onion,"(3, 2)","(0, -1)","soup('onion', 3, 20)","(4, 2):empty;(4, 3):empty",
305,interact,interact,23.0,373.0,200.0,10.0,"(5, 2)","(-1, 0)",,"(3, 2)","(0, -1)",,"(4, 2):soup('onion', 1, 0);(4, 3):empty","(4, 2):soup('onion', 1, 0)"
306,"(0, -1)","(0, 1)",0.0,373.0,200.0,10.0,"(5, 2)","(0, -1)",,"(3, 3)","(0, 1)",,"(4, 2):soup('onion', 1, 0);(4, 3):empty","(4, 2):soup('onion', 1, 0)"
307,interact,"(0, 1)",0.0,373.0,200.0,10.0,"(5, 2)","(0, -1)",onion,"(3, 3)","(0, 1)",,"(4, 2):soup('onion', 1, 0);(4, 3):empty","(4, 2):soup('onion', 1, 0)"
308,"(-1, 0)",interact,3.0,376.0,200.0,10.0,"(5, 2)","(-1, 0)",onion,"(3, 3)","(0, 1)",dish,"(4, 2):soup('onion', 1, 0);(4, 3):empty","(4, 2):soup('onion', 1, 0)"
309,interact,"(0, -1)",3.0,379.0,200.0,10.0,"(5, 2)","(-1, 0)",,"(3, 2)","(0, -1)",dish,"(4, 2):soup('onion', 2, 0);(4, 3):empty","(4, 2):soup('onion', 2, 0)"
310,"(0, -1)","(1, 0)",0.0,379.0,200.0,10.0,"(5, 2)","(0, -1)",,"(3, 2)","(1, 0)",dish,"(4, 2):soup('onion', 2, 0);(4, 3):empty","(4, 2):soup('onion', 2, 0)"
311,interact,"(0, -1)",0.0,379.0,200.0,10.0,"(5, 2)","(0, -1)",onion,"(3, 2)","(0, -1)",dish,"(4, 2):soup('onion', 2, 0);(4, 3):empty","(4, 2):soup('onion', 2, 0)"
312,"(-1, 0)","(1, 0)",0.0,379.0,200.0,10.0,"(5, 2)","(-1, 0)",onion,"(3, 2)","(1, 0)",dish,"(4, 2):soup('onion', 2, 0);(4, 3):empty","(4, 2):soup('onion', 2, 0)"
313,interact,interact,3.0,382.0,200.0,10.0,"(5, 2)","(-1, 0)",,"(3, 2)","(1, 0)",dish,"(4, 2):soup('onion', 3, 1);(4, 3):empty","(4, 2):soup('onion', 3, 1)"
314,"(0, -1)",interact,0.0,382.0,200.0,10.0,"(5, 2)","(0, -1)",,"(3, 2)","(1, 0)",dish,"(4, 2):soup('onion', 3, 2);(4, 3):empty","(4, 2):soup('onion', 3, 2)"
315,interact,"(0, 0)",0.0,382.0,200.0,10.0,"(5, 2)","(0, -1)",onion,"(3, 2)","(1, 0)",dish,"(4, 2):soup('onion', 3, 3);(4, 3):empty","(4, 2):soup('onion', 3, 3)"
316,interact,"(0, 0)",0.0,382.0,200.0,10.0,"(5, 2)","(0, -1)",onion,"(3, 2)","(1, 0)",dish,"(4, 2):soup('onion', 3, 4);(4, 3):empty","(4, 2):soup('onion', 3, 4)"
317,interact,"(0, 0)",0.0,382.0,200.0,10.0,"(5, 2)","(0, -1)",onion,"(3, 2)","(1, 0)",dish,"(4, 2):soup('onion', 3, 5);(4, 3):empty","(4, 2):soup('onion', 3, 5)"
318,interact,"(0, 0)",0.0,382.0,200.0,10.0,"(5, 2)","(0, -1)",onion,"(3, 2)","(1, 0)",dish,"(4, 2):soup('onion', 3, 6);(4, 3):empty","(4, 2):soup('onion', 3, 6)"
319,interact,"(0, 0)",0.0,382.0,200.0,10.0,"(5, 2)","(0, -1)",onion,"(3, 2)","(1, 0)",dish,"(4, 2):soup('onion', 3, 7);(4, 3):empty","(4, 2):soup('onion', 3, 7)"
320,interact,"(0, 0)",0.0,382.0,200.0,10.0,"(5, 2)","(0, -1)",onion,"(3, 2)","(1, 0)",dish,"(4, 2):soup('onion', 3, 8);(4, 3):empty","(4, 2):soup('onion', 3, 8)"
321,interact,"(0, 0)",0.0,382.0,200.0,10.0,"(5, 2)","(0, -1)",onion,"(3, 2)","(1, 0)",dish,"(4, 2):soup('onion', 3, 9);(4, 3):empty","(4, 2):soup('onion', 3, 9)"
322,interact,"(0, 0)",0.0,382.0,200.0,10.0,"(5, 2)","(0, -1)",onion,"(3, 2)","(1, 0)",dish,"(4, 2):soup('onion', 3, 10);(4, 3):empty","(4, 2):soup('onion', 3, 10)"
323,interact,"(0, 0)",0.0,382.0,200.0,10.0,"(5, 2)","(0, -1)",onion,"(3, 2)","(1, 0)",dish,"(4, 2):soup('onion', 3, 11);(4, 3):empty","(4, 2):soup('onion', 3, 11)"
324,interact,"(0, 0)",0.0,382.0,200.0,10.0,"(5, 2)","(0, -1)",onion,"(3, 2)","(1, 0)",dish,"(4, 2):soup('onion', 3, 12);(4, 3):empty","(4, 2):soup('onion', 3, 12)"
325,interact,"(0, 0)",0.0,382.0,200.0,10.0,"(5, 2)","(0, -1)",onion,"(3, 2)","(1, 0)",dish,"(4, 2):soup('onion', 3, 13);(4, 3):empty","(4, 2):soup('onion', 3, 13)"
326,interact,"(0, 0)",0.0,382.0,200.0,10.0,"(5, 2)","(0, -1)",onion,"(3, 2)","(1, 0)",dish,"(4, 2):soup('onion', 3, 14);(4, 3):empty","(4, 2):soup('onion', 3, 14)"
327,interact,"(0, 0)",0.0,382.0,200.0,10.0,"(5, 2)","(0, -1)",onion,"(3, 2)","(1, 0)",dish,"(4, 2):soup('onion', 3, 15);(4, 3):empty","(4, 2):soup('onion', 3, 15)"
328,interact,"(0, 0)",0.0,382.0,200.0,10.0,"(5, 2)","(0, -1)",onion,"(3, 2)","(1, 0)",dish,"(4, 2):soup('onion', 3, 16);(4, 3):empty","(4, 2):soup('onion', 3, 16)"
329,interact,"(0, 0)",0.0,382.0,200.0,10.0,"(5, 2)","(0, -1)",onion,"(3, 2)","(1, 0)",dish,"(4, 2):soup('onion', 3, 17);(4, 3):empty","(4, 2):soup('onion', 3, 17)"
330,interact,"(0, 0)",0.0,382.0,200.0,10.0,"(5, 2)","(0, -1)",onion,"(3, 2)","(1, 0)",dish,"(4, 2):soup('onion', 3, 18);(4, 3):empty","(4, 2):soup('onion', 3, 18)"
331,interact,"(0, 0)",0.0,382.0,200.0,10.0,"(5, 2)","(0, -1)",onion,"(3, 2)","(1, 0)",dish,"(4, 2):soup('onion', 3, 19);(4, 3):empty","(4, 2):soup('onion', 3, 19)"
332,interact,"(0, 0)",0.0,382.0,200.0,10.0,"(5, 2)","(0, -1)",onion,"(3, 2)","(1, 0)",dish,"(4, 2):soup('onion', 3, 20);(4, 3):empty","(4, 2):soup('onion', 3, 20)"
333,interact,interact,5.0,387.0,200.0,10.0,"(5, 2)","(0, -1)",onion,"(3, 2)","(1, 0)","soup('onion', 3, 20)","(4, 2):empty;(4, 3):empty",
334,"(-1, 0)","(0, -1)",0.0,387.0,200.0,10.0,"(5, 2)","(-1, 0)",onion,"(3, 2)","(0, -1)","soup('onion', 3, 20)","(4, 2):empty;(4, 3):empty",
335,interact,interact,23.0,410.0,220.0,11.0,"(5, 2)","(-1, 0)",,"(3, 2)","(0, -1)",,"(4, 2):soup('onion', 1, 0);(4, 3):empty","(4, 2):soup('onion', 1, 0)"
336,"(0, -1)","(0, 1)",0.0,410.0,220.0,11.0,"(5, 2)","(0, -1)",,"(3, 3)","(0, 1)",,"(4, 2):soup('onion', 1, 0);(4, 3):empty","(4, 2):soup('onion', 1, 0)"
337,interact,"(0, 1)",0.0,410.0,220.0,11.0,"(5, 2)","(0, -1)",onion,"(3, 3)","(0, 1)",,"(4, 2):soup('onion', 1, 0);(4, 3):empty","(4, 2):soup('onion', 1, 0)"
338,"(-1, 0)",interact,3.0,413.0,220.0,11.0,"(5, 2)","(-1, 0)",onion,"(3, 3)","(0, 1)",dish,"(4, 2):soup('onion', 1, 0);(4, 3):empty","(4, 2):soup('onion', 1, 0)"
339,interact,"(0, -1)",3.0,416.0,220.0,11.0,"(5, 2)","(-1, 0)",,"(3, 2)","(0, -1)",dish,"(4, 2):soup('onion', 2, 0);(4, 3):empty","(4, 2):soup('onion', 2, 0)"
340,"(0, -1)","(1, 0)",0.0,416.0,220.0,11.0,"(5, 2)","(0, -1)",,"(3, 2)","(1, 0)",dish,"(4, 2):soup('onion', 2, 0);(4, 3):empty","(4, 2):soup('onion', 2, 0)"
341,interact,"(0, -1)",0.0,416.0,220.0,11.0,"(5, 2)","(0, -1)",onion,"(3, 2)","(0, -1)",dish,"(4, 2):soup('onion', 2, 0);(4, 3):empty","(4, 2):soup('onion', 2, 0)"
342,"(-1, 0)","(1, 0)",0.0,416.0,220.0,11.0,"(5, 2)","(-1, 0)",onion,"(3, 2)","(1, 0)",dish,"(4, 2):soup('onion', 2, 0);(4, 3):empty","(4, 2):soup('onion', 2, 0)"
343,interact,interact,3.0,419.0,220.0,11.0,"(5, 2)","(-1, 0)",,"(3, 2)","(1, 0)",dish,"(4, 2):soup('onion', 3, 1);(4, 3):empty","(4, 2):soup('onion', 3, 1)"
344,"(0, -1)",interact,0.0,419.0,220.0,11.0,"(5, 2)","(0, -1)",,"(3, 2)","(1, 0)",dish,"(4, 2):soup('onion', 3, 2);(4, 3):empty","(4, 2):soup('onion', 3, 2)"
345,interact,"(0, 0)",0.0,419.0,220.0,11.0,"(5, 2)","(0, -1)",onion,"(3, 2)","(1, 0)",dish,"(4, 2):soup('onion', 3, 3);(4, 3):empty","(4, 2):soup('onion', 3, 3)"
346,interact,"(0, 0)",0.0,419.0,220.0,11.0,"(5, 2)","(0, -1)",onion,"(3, 2)","(1, 0)",dish,"(4, 2):soup('onion', 3, 4);(4, 3):empty","(4, 2):soup('onion', 3, 4)"
347,interact,"(0, 0)",0.0,419.0,220.0,11.0,"(5, 2)","(0, -1)",onion,"(3, 2)","(1, 0)",dish,"(4, 2):soup('onion', 3, 5);(4, 3):empty","(4, 2):soup('onion', 3, 5)"
348,interact,"(0, 0)",0.0,419.0,220.0,11.0,"(5, 2)","(0, -1)",onion,"(3, 2)","(1, 0)",dish,"(4, 2):soup('onion', 3, 6);(4, 3):empty","(4, 2):soup('onion', 3, 6)"
349,interact,"(0, 0)",0.0,419.0,220.0,11.0,"(5, 2)","(0, -1)",onion,"(3, 2)","(1, 0)",dish,"(4, 2):soup('onion', 3, 7);(4, 3):empty","(4, 2):soup('onion', 3, 7)"
350,interact,"(0, 0)",0.0,419.0,220.0,11.0,"(5, 2)","(0, -1)",onion,"(3, 2)","(1, 0)",dish,"(4, 2):soup('onion', 3, 8);(4, 3):empty","(4, 2):soup('onion', 3, 8)"
351,interact,"(0, 0)",0.0,419.0,220.0,11.0,"(5, 2)","(0, -1)",onion,"(3, 2)","(1, 0)",dish,"(4, 2):soup('onion', 3, 9);(4, 3):empty","(4, 2):soup('onion', 3, 9)"
352,interact,"(0, 0)",0.0,419.0,220.0,11.0,"(5, 2)","(0, -1)",onion,"(3, 2)","(1, 0)",dish,"(4, 2):soup('onion', 3, 10);(4, 3):empty","(4, 2):soup('onion', 3, 10)"
353,interact,"(0, 0)",0.0,419.0,220.0,11.0,"(5, 2)","(0, -1)",onion,"(3, 2)","(1, 0)",dish,"(4, 2):soup('onion', 3, 11);(4, 3):empty","(4, 2):soup('onion', 3, 11)"
354,interact,"(0, 0)",0.0,419.0,220.0,11.0,"(5, 2)","(0, -1)",onion,"(3, 2)","(1, 0)",dish,"(4, 2):soup('onion', 3, 12);(4, 3):empty","(4, 2):soup('onion', 3, 12)"
355,interact,"(0, 0)",0.0,419.0,220.0,11.0,"(5, 2)","(0, -1)",onion,"(3, 2)","(1, 0)",dish,"(4, 2):soup('onion', 3, 13);(4, 3):empty","(4, 2):soup('onion', 3, 13)"
356,interact,"(0, 0)",0.0,419.0,220.0,11.0,"(5, 2)","(0, -1)",onion,"(3, 2)","(1, 0)",dish,"(4, 2):soup('onion', 3, 14);(4, 3):empty","(4, 2):soup('onion', 3, 14)"
357,interact,"(0, 0)",0.0,419.0,220.0,11.0,"(5, 2)","(0, -1)",onion,"(3, 2)","(1, 0)",dish,"(4, 2):soup('onion', 3, 15);(4, 3):empty","(4, 2):soup('onion', 3, 15)"
358,interact,"(0, 0)",0.0,419.0,220.0,11.0,"(5, 2)","(0, -1)",onion,"(3, 2)","(1, 0)",dish,"(4, 2):soup('onion', 3, 16);(4, 3):empty","(4, 2):soup('onion', 3, 16)"
359,interact,"(0, 0)",0.0,419.0,220.0,11.0,"(5, 2)","(0, -1)",onion,"(3, 2)","(1, 0)",dish,"(4, 2):soup('onion', 3, 17);(4, 3):empty","(4, 2):soup('onion', 3, 17)"
360,interact,"(0, 0)",0.0,419.0,220.0,11.0,"(5, 2)","(0, -1)",onion,"(3, 2)","(1, 0)",dish,"(4, 2):soup('onion', 3, 18);(4, 3):empty","(4, 2):soup('onion', 3, 18)"
361,interact,"(0, 0)",0.0,419.0,220.0,11.0,"(5, 2)","(0, -1)",onion,"(3, 2)","(1, 0)",dish,"(4, 2):soup('onion', 3, 19);(4, 3):empty","(4, 2):soup('onion', 3, 19)"
362,interact,"(0, 0)",0.0,419.0,220.0,11.0,"(5, 2)","(0, -1)",onion,"(3, 2)","(1, 0)",dish,"(4, 2):soup('onion', 3, 20);(4, 3):empty","(4, 2):soup('onion', 3, 20)"
363,interact,interact,5.0,424.0,220.0,11.0,"(5, 2)","(0, -1)",onion,"(3, 2)","(1, 0)","soup('onion', 3, 20)","(4, 2):empty;(4, 3):empty",
364,"(-1, 0)","(0, -1)",0.0,424.0,220.0,11.0,"(5, 2)","(-1, 0)",onion,"(3, 2)","(0, -1)","soup('onion', 3, 20)","(4, 2):empty;(4, 3):empty",
365,interact,interact,23.0,447.0,240.0,12.0,"(5, 2)","(-1, 0)",,"(3, 2)","(0, -1)",,"(4, 2):soup('onion', 1, 0);(4, 3):empty","(4, 2):soup('onion', 1, 0)"
366,"(0, -1)","(0, 1)",0.0,447.0,240.0,12.0,"(5, 2)","(0, -1)",,"(3, 3)","(0, 1)",,"(4, 2):soup('onion', 1, 0);(4, 3):empty","(4, 2):soup('onion', 1, 0)"
367,interact,"(0, 1)",0.0,447.0,240.0,12.0,"(5, 2)","(0, -1)",onion,"(3, 3)","(0, 1)",,"(4, 2):soup('onion', 1, 0);(4, 3):empty","(4, 2):soup('onion', 1, 0)"
368,"(-1, 0)",interact,3.0,450.0,240.0,12.0,"(5, 2)","(-1, 0)",onion,"(3, 3)","(0, 1)",dish,"(4, 2):soup('onion', 1, 0);(4, 3):empty","(4, 2):soup('onion', 1, 0)"
369,interact,"(0, -1)",3.0,453.0,240.0,12.0,"(5, 2)","(-1, 0)",,"(3, 2)","(0, -1)",dish,"(4, 2):soup('onion', 2, 0);(4, 3):empty","(4, 2):soup('onion', 2, 0)"
370,"(0, -1)","(1, 0)",0.0,453.0,240.0,12.0,"(5, 2)","(0, -1)",,"(3, 2)","(1, 0)",dish,"(4, 2):soup('onion', 2, 0);(4, 3):empty","(4, 2):soup('onion', 2, 0)"
371,interact,"(0, -1)",0.0,453.0,240.0,12.0,"(5, 2)","(0, -1)",onion,"(3, 2)","(0, -1)",dish,"(4, 2):soup('onion', 2, 0);(4, 3):empty","(4, 2):soup('onion', 2, 0)"
372,"(-1, 0)","(1, 0)",0.0,453.0,240.0,12.0,"(5, 2)","(-1, 0)",onion,"(3, 2)","(1, 0)",dish,"(4, 2):soup('onion', 2, 0);(4, 3):empty","(4, 2):soup('onion', 2, 0)"
373,interact,interact,3.0,456.0,240.0,12.0,"(5, 2)","(-1, 0)",,"(3, 2)","(1, 0)",dish,"(4, 2):soup('onion', 3, 1);(4, 3):empty","(4, 2):soup('onion', 3, 1)"
374,"(0, -1)",interact,0.0,456.0,240.0,12.0,"(5, 2)","(0, -1)",,"(3, 2)","(1, 0)",dish,"(4, 2):soup('onion', 3, 2);(4, 3):empty","(4, 2):soup('onion', 3, 2)"
375,interact,"(0, 0)",0.0,456.0,240.0,12.0,"(5, 2)","(0, -1)",onion,"(3, 2)","(1, 0)",dish,"(4, 2):soup('onion', 3, 3);(4, 3):empty","(4, 2):soup('onion', 3, 3)"
376,interact,"(0, 0)",0.0,456.0,240.0,12.0,"(5, 2)","(0, -1)",onion,"(3, 2)","(1, 0)",dish,"(4, 2):soup('onion', 3, 4);(4, 3):empty","(4, 2):soup('onion', 3, 4)"
377,interact,"(0, 0)",0.0,456.0,240.0,12.0,"(5, 2)","(0, -1)",onion,"(3, 2)","(1, 0)",dish,"(4, 2):soup('onion', 3, 5);(4, 3):empty","(4, 2):soup('onion', 3, 5)"
378,interact,"(0, 0)",0.0,456.0,240.0,12.0,"(5, 2)","(0, -1)",onion,"(3, 2)","(1, 0)",dish,"(4, 2):soup('onion', 3, 6);(4, 3):empty","(4, 2):soup('onion', 3, 6)"
379,interact,"(0, 0)",0.0,456.0,240.0,12.0,"(5, 2)","(0, -1)",onion,"(3, 2)","(1, 0)",dish,"(4, 2):soup('onion', 3, 7);(4, 3):empty","(4, 2):soup('onion', 3, 7)"
380,interact,"(0, 0)",0.0,456.0,240.0,12.0,"(5, 2)","(0, -1)",onion,"(3, 2)","(1, 0)",dish,"(4, 2):soup('onion', 3, 8);(4, 3):empty","(4, 2):soup('onion', 3, 8)"
381,interact,"(0, 0)",0.0,456.0,240.0,12.0,"(5, 2)","(0, -1)",onion,"(3, 2)","(1, 0)",dish,"(4, 2):soup('onion', 3, 9);(4, 3):empty","(4, 2):soup('onion', 3, 9)"
382,interact,"(0, 0)",0.0,456.0,240.0,12.0,"(5, 2)","(0, -1)",onion,"(3, 2)","(1, 0)",dish,"(4, 2):soup('onion', 3, 10);(4, 3):empty","(4, 2):soup('onion', 3, 10)"
383,interact,"(0, 0)",0.0,456.0,240.0,12.0,"(5, 2)","(0, -1)",onion,"(3, 2)","(1, 0)",dish,"(4, 2):soup('onion', 3, 11);(4, 3):empty","(4, 2):soup('onion', 3, 11)"
384,interact,"(0, 0)",0.0,456.0,240.0,12.0,"(5, 2)","(0, -1)",onion,"(3, 2)","(1, 0)",dish,"(4, 2):soup('onion', 3, 12);(4, 3):empty","(4, 2):soup('onion', 3, 12)"
385,interact,"(0, 0)",0.0,456.0,240.0,12.0,"(5, 2)","(0, -1)",onion,"(3, 2)","(1, 0)",dish,"(4, 2):soup('onion', 3, 13);(4, 3):empty","(4, 2):soup('onion', 3, 13)"
386,interact,"(0, 0)",0.0,456.0,240.0,12.0,"(5, 2)","(0, -1)",onion,"(3, 2)","(1, 0)",dish,"(4, 2):soup('onion', 3, 14);(4, 3):empty","(4, 2):soup('onion', 3, 14)"
387,interact,"(0, 0)",0.0,456.0,240.0,12.0,"(5, 2)","(0, -1)",onion,"(3, 2)","(1, 0)",dish,"(4, 2):soup('onion', 3, 15);(4, 3):empty","(4, 2):soup('onion', 3, 15)"
388,interact,"(0, 0)",0.0,456.0,240.0,12.0,"(5, 2)","(0, -1)",onion,"(3, 2)","(1, 0)",dish,"(4, 2):soup('onion', 3, 16);(4, 3):empty","(4, 2):soup('onion', 3, 16)"
389,interact,"(0, 0)",0.0,456.0,240.0,12.0,"(5, 2)","(0, -1)",onion,"(3, 2)","(1, 0)",dish,"(4, 2):soup('onion', 3, 17);(4, 3):empty","(4, 2):soup('onion', 3, 17)"
390,interact,"(0, 0)",0.0,456.0,240.0,12.0,"(5, 2)","(0, -1)",onion,"(3, 2)","(1, 0)",dish,"(4, 2):soup('onion', 3, 18);(4, 3):empty","(4, 2):soup('onion', 3, 18)"
391,interact,"(0, 0)",0.0,456.0,240.0,12.0,"(5, 2)","(0, -1)",onion,"(3, 2)","(1, 0)",dish,"(4, 2):soup('onion', 3, 19);(4, 3):empty","(4, 2):soup('onion', 3, 19)"
392,interact,"(0, 0)",0.0,456.0,240.0,12.0,"(5, 2)","(0, -1)",onion,"(3, 2)","(1, 0)",dish,"(4, 2):soup('onion', 3, 20);(4, 3):empty","(4, 2):soup('onion', 3, 20)"
393,interact,interact,5.0,461.0,240.0,12.0,"(5, 2)","(0, -1)",onion,"(3, 2)","(1, 0)","soup('onion', 3, 20)","(4, 2):empty;(4, 3):empty",
394,"(-1, 0)","(0, -1)",0.0,461.0,240.0,12.0,"(5, 2)","(-1, 0)",onion,"(3, 2)","(0, -1)","soup('onion', 3, 20)","(4, 2):empty;(4, 3):empty",
395,interact,interact,23.0,484.0,260.0,13.0,"(5, 2)","(-1, 0)",,"(3, 2)","(0, -1)",,"(4, 2):soup('onion', 1, 0);(4, 3):empty","(4, 2):soup('onion', 1, 0)"
396,"(0, -1)","(0, 1)",0.0,484.0,260.0,13.0,"(5, 2)","(0, -1)",,"(3, 3)","(0, 1)",,"(4, 2):soup('onion', 1, 0);(4, 3):empty","(4, 2):soup('onion', 1, 0)"
397,interact,"(0, 1)",0.0,484.0,260.0,13.0,"(5, 2)","(0, -1)",onion,"(3, 3)","(0, 1)",,"(4, 2):soup('onion', 1, 0);(4, 3):empty","(4, 2):soup('onion', 1, 0)"
398,"(-1, 0)",interact,3.0,487.0,260.0,13.0,"(5, 2)","(-1, 0)",onion,"(3, 3)","(0, 1)",dish,"(4, 2):soup('onion', 1, 0);(4, 3):empty","(4, 2):soup('onion', 1, 0)"
399,interact,"(0, -1)",3.0,490.0,260.0,13.0,"(5, 2)","(-1, 0)",,"(3, 2)","(0, -1)",dish,"(4, 2):soup('onion', 2, 0);(4, 3):empty","(4, 2):soup('onion', 2, 0)"
400,"(0, -1)","(1, 0)",0.0,490.0,260.0,13.0,"(5, 2)","(0, -1)",,"(3, 2)","(1, 0)",dish,"(4, 2):soup('onion', 2, 0);(4, 3):empty","(4, 2):soup('onion', 2, 0)"
