step,ego_action,partner_action,sparse_reward,built_in_shaped_reward,custom_base_component,custom_v2_extra_component,custom_useless_interact_component,custom_shaped_reward,total_reward,active_custom_shaping_version,late_stage,no_interaction_change,useless_counts_before,useless_counts_after
1,"(-1, 0)","(0, -1)",0.0,0.0,0.0,0.0,0.0,0.0,0.0,1,False,False,"[0, 0]","[0, 0]"
2,interact,"(-1, 0)",0.0,0.0,0.0,0.0,0.0,0.0,0.0,1,False,False,"[0, 0]","[0, 0]"
3,interact,interact,0.0,0.0,0.0,0.0,0.0,0.0,0.0,1,False,False,"[0, 0]","[0, 0]"
4,interact,"(1, 0)",0.0,0.0,0.0,0.0,0.0,0.0,0.0,1,False,False,"[0, 0]","[0, 0]"
5,interact,interact,0.0,0.0,0.0,0.0,0.0,0.0,0.0,1,False,False,"[0, 0]","[0, 0]"
6,interact,"(-1, 0)",0.0,0.0,0.0,0.0,0.0,0.0,0.0,1,False,False,"[0, 0]","[0, 0]"
7,"(1, 0)",interact,0.0,0.0,0.0,0.0,0.0,0.0,0.0,1,False,False,"[0, 0]","[0, 0]"
8,interact,"(1, 0)",0.0,3.0,1.4849999999999999,0.0,0.0,1.4849999999999999,4.484999999999999,1,False,False,"[0, 0]","[0, 0]"
9,"(-1, 0)",interact,0.0,0.0,-0.015000000000000013,0.0,0.0,-0.015000000000000013,-0.015000000000000013,1,False,False,"[0, 0]","[0, 0]"
10,interact,"(-1, 0)",0.0,0.0,-0.015000000000000013,0.0,0.0,-0.015000000000000013,-0.015000000000000013,1,False,False,"[0, 0]","[0, 0]"
11,"(1, 0)",interact,0.0,0.0,-0.015000000000000013,0.0,0.0,-0.015000000000000013,-0.015000000000000013,1,False,False,"[0, 0]","[0, 0]"
12,interact,"(1, 0)",0.0,3.0,1.47,0.0,0.0,1.47,4.47,1,False,False,"[0, 0]","[0, 0]"
13,"(-1, 0)",interact,0.0,0.0,-0.030000000000000027,0.0,0.0,-0.030000000000000027,-0.030000000000000027,1,False,False,"[0, 0]","[0, 0]"
14,interact,"(-1, 0)",0.0,0.0,-0.030000000000000027,0.0,0.0,-0.030000000000000027,-0.030000000000000027,1,False,False,"[0, 0]","[0, 0]"
15,"(1, 0)",interact,0.0,0.0,-0.030000000000000027,0.0,0.0,-0.030000000000000027,-0.030000000000000027,1,False,False,"[0, 0]","[0, 0]"
16,interact,"(1, 0)",0.0,3.0,1.9500000000000002,0.0,0.0,1.9500000000000002,4.95,1,False,False,"[0, 0]","[0, 0]"
17,"(-1, 0)",interact,0.0,0.0,-0.050000000000000044,0.0,0.0,-0.050000000000000044,-0.050000000000000044,1,False,False,"[0, 0]","[0, 0]"
18,interact,"(-1, 0)",0.0,0.0,-0.050000000000000044,0.0,0.0,-0.050000000000000044,-0.050000000000000044,1,False,False,"[0, 0]","[0, 0]"
19,"(0, -1)",interact,0.0,0.0,-0.050000000000000044,0.0,0.0,-0.050000000000000044,-0.050000000000000044,1,False,False,"[0, 0]","[0, 0]"
20,interact,"(1, 0)",0.0,3.0,1.4349999999999996,0.0,0.0,1.4349999999999996,4.435,1,False,False,"[0, 0]","[0, 0]"
21,"(-1, 0)",interact,0.0,0.0,-0.06500000000000061,0.0,0.0,-0.06500000000000061,-0.06500000000000061,1,False,False,"[0, 0]","[0, 0]"
22,interact,"(-1, 0)",0.0,0.0,-0.06500000000000061,0.0,0.0,-0.06500000000000061,-0.06500000000000061,1,False,False,"[0, 0]","[0, 0]"
23,"(0, -1)","(0, 1)",0.0,0.0,-0.06500000000000061,0.0,0.0,-0.06500000000000061,-0.06500000000000061,1,False,False,"[0, 0]","[0, 0]"
24,interact,"(0, 1)",0.0,3.0,1.4200000000000002,0.0,0.0,1.4200000000000002,4.42,1,False,False,"[0, 0]","[0, 0]"
25,"(-1, 0)","(-1, 0)",0.0,0.0,-0.08000000000000007,0.0,0.0,-0.08000000000000007,-0.08000000000000007,1,False,False,"[0, 0]","[0, 0]"
26,"(0, -1)",interact,0.0,3.0,-0.08000000000000007,0.0,0.0,-0.08000000000000007,2.92,1,False,False,"[0, 0]","[0, 0]"
27,"(0, 1)","(0, -1)",0.0,0.0,-0.08000000000000007,0.0,0.0,-0.08000000000000007,-0.08000000000000007,1,False,False,"[0, 0]","[0, 0]"
28,"(0, -1)","(0, -1)",0.0,0.0,-0.08000000000000007,0.0,0.0,-0.08000000000000007,-0.08000000000000007,1,False,False,"[0, 0]","[0, 0]"
29,"(-1, 0)","(1, 0)",0.0,0.0,-0.08000000000000007,0.0,0.0,-0.08000000000000007,-0.08000000000000007,1,False,False,"[0, 0]","[0, 0]"
30,"(0, 0)",interact,0.0,0.0,-0.08000000000000007,0.0,0.0,-0.08000000000000007,-0.08000000000000007,1,False,False,"[0, 0]","[0, 0]"
31,interact,"(-1, 0)",0.0,0.0,-0.08000000000000007,0.0,0.0,-0.08000000000000007,-0.08000000000000007,1,False,False,"[0, 0]","[0, 0]"
32,"(1, 0)",interact,0.0,0.0,-0.08000000000000007,0.0,0.0,-0.08000000000000007,-0.08000000000000007,1,False,False,"[0, 0]","[0, 0]"
33,"(-1, 0)","(1, 0)",0.0,0.0,-0.08000000000000007,0.0,0.0,-0.08000000000000007,-0.08000000000000007,1,False,False,"[0, 0]","[0, 0]"
34,"(1, 0)",interact,0.0,0.0,-0.08000000000000007,0.0,0.0,-0.08000000000000007,-0.08000000000000007,1,False,False,"[0, 0]","[0, 0]"
35,interact,interact,0.0,0.0,2.246499999999998,0.0,0.0,2.246499999999998,2.246499999999998,1,False,False,"[0, 0]","[0, 0]"
36,interact,"(1, 0)",0.0,5.0,1.7775000000000007,0.0,0.0,1.7775000000000007,6.777500000000001,1,False,False,"[0, 0]","[0, 0]"
37,"(0, 1)","(1, 0)",0.0,0.0,0.12499999999999956,0.0,0.0,0.12499999999999956,0.12499999999999956,1,False,False,"[0, 0]","[0, 0]"
38,"(0, 1)","(1, 0)",0.0,0.0,0.12250000000000094,0.0,0.0,0.12250000000000094,0.12250000000000094,1,False,False,"[0, 0]","[0, 0]"
39,interact,"(1, 0)",20.0,0.0,-9.780000000000001,0.0,0.0,-9.780000000000001,10.219999999999999,1,False,False,"[0, 0]","[0, 0]"
40,"(0, -1)","(1, 0)",0.0,0.0,-0.030000000000000027,0.0,0.0,-0.030000000000000027,-0.030000000000000027,1,False,False,"[0, 0]","[0, 0]"
41,"(0, -1)",interact,0.0,0.0,-0.030000000000000027,0.0,0.0,-0.030000000000000027,-0.030000000000000027,1,False,False,"[0, 0]","[0, 0]"
42,"(-1, 0)",interact,0.0,0.0,-0.030000000000000027,0.0,0.0,-0.030000000000000027,-0.030000000000000027,1,False,False,"[0, 0]","[0, 0]"
43,interact,interact,0.0,0.0,-0.030000000000000027,0.0,0.0,-0.030000000000000027,-0.030000000000000027,1,False,False,"[0, 0]","[0, 0]"
44,interact,"(-1, 0)",0.0,0.0,-0.030000000000000027,0.0,0.0,-0.030000000000000027,-0.030000000000000027,1,False,False,"[0, 0]","[0, 0]"
45,"(1, 0)",interact,0.0,0.0,-0.030000000000000027,0.0,0.0,-0.030000000000000027,-0.030000000000000027,1,False,False,"[0, 0]","[0, 0]"
46,interact,"(1, 0)",0.0,3.0,1.4549999999999996,0.0,0.0,1.4549999999999996,4.455,1,False,False,"[0, 0]","[0, 0]"
47,"(-1, 0)",interact,0.0,0.0,-0.04500000000000004,0.0,0.0,-0.04500000000000004,-0.04500000000000004,1,False,False,"[0, 0]","[0, 0]"
48,interact,"(-1, 0)",0.0,0.0,-0.04500000000000004,0.0,0.0,-0.04500000000000004,-0.04500000000000004,1,False,False,"[0, 0]","[0, 0]"
49,"(1, 0)",interact,0.0,0.0,-0.04500000000000004,0.0,0.0,-0.04500000000000004,-0.04500000000000004,1,False,False,"[0, 0]","[0, 0]"
50,interact,"(1, 0)",0.0,3.0,1.4400000000000002,0.0,0.0,1.4400000000000002,4.44,1,False,False,"[0, 0]","[0, 0]"
51,"(-1, 0)",interact,0.0,0.0,-0.06000000000000005,0.0,0.0,-0.06000000000000005,-0.06000000000000005,1,False,False,"[0, 0]","[0, 0]"
52,interact,"(-1, 0)",0.0,0.0,-0.06000000000000005,0.0,0.0,-0.06000000000000005,-0.06000000000000005,1,False,False,"[0, 0]","[0, 0]"
53,"(1, 0)",interact,0.0,0.0,-0.06000000000000005,0.0,0.0,-0.06000000000000005,-0.06000000000000005,1,False,False,"[0, 0]","[0, 0]"
54,interact,"(1, 0)",0.0,3.0,1.9200000000000006,0.0,0.0,1.9200000000000006,4.920000000000001,1,False,False,"[0, 0]","[0, 0]"
55,"(-1, 0)",interact,0.0,0.0,-0.08000000000000007,0.0,0.0,-0.08000000000000007,-0.08000000000000007,1,False,False,"[0, 0]","[0, 0]"
56,interact,"(-1, 0)",0.0,0.0,-0.08000000000000007,0.0,0.0,-0.08000000000000007,-0.08000000000000007,1,False,False,"[0, 0]","[0, 0]"
57,"(0, -1)","(0, 1)",0.0,0.0,-0.08000000000000007,0.0,0.0,-0.08000000000000007,-0.08000000000000007,1,False,False,"[0, 0]","[0, 0]"
58,interact,"(0, 1)",0.0,3.0,1.8999999999999995,0.0,0.0,1.8999999999999995,4.8999999999999995,1,False,False,"[0, 0]","[0, 0]"
59,"(-1, 0)","(-1, 0)",0.0,0.0,-0.10000000000000009,0.0,0.0,-0.10000000000000009,-0.10000000000000009,1,False,False,"[0, 0]","[0, 0]"
60,interact,interact,0.0,3.0,-0.10000000000000009,0.0,0.0,-0.10000000000000009,2.9,1,False,False,"[0, 0]","[0, 0]"
61,"(-1, 0)","(0, -1)",0.0,0.0,-0.10000000000000009,0.0,0.0,-0.10000000000000009,-0.10000000000000009,1,False,False,"[0, 0]","[0, 0]"
62,"(0, 0)","(0, -1)",0.0,0.0,-0.10000000000000009,0.0,0.0,-0.10000000000000009,-0.10000000000000009,1,False,False,"[0, 0]","[0, 0]"
63,"(0, 0)","(1, 0)",0.0,0.0,-0.10000000000000009,0.0,0.0,-0.10000000000000009,-0.10000000000000009,1,False,False,"[0, 0]","[0, 0]"
64,interact,interact,0.0,0.0,-0.10000000000000009,0.0,0.0,-0.10000000000000009,-0.10000000000000009,1,False,False,"[0, 0]","[0, 0]"
65,interact,"(-1, 0)",0.0,0.0,-0.10000000000000009,0.0,0.0,-0.10000000000000009,-0.10000000000000009,1,False,False,"[0, 0]","[0, 0]"
66,"(1, 0)",interact,0.0,0.0,-0.10000000000000009,0.0,0.0,-0.10000000000000009,-0.10000000000000009,1,False,False,"[0, 0]","[0, 0]"
67,"(-1, 0)","(1, 0)",0.0,0.0,-0.10000000000000009,0.0,0.0,-0.10000000000000009,-0.10000000000000009,1,False,False,"[0, 0]","[0, 0]"
68,"(1, 0)",interact,0.0,0.0,-0.10000000000000009,0.0,0.0,-0.10000000000000009,-0.10000000000000009,1,False,False,"[0, 0]","[0, 0]"
69,interact,interact,0.0,0.0,-0.10000000000000009,0.0,0.0,-0.10000000000000009,-0.10000000000000009,1,False,False,"[0, 0]","[0, 0]"
70,interact,interact,0.0,0.0,-0.10000000000000009,0.0,0.0,-0.10000000000000009,-0.10000000000000009,1,False,False,"[0, 0]","[0, 0]"
71,interact,interact,0.0,0.0,-0.10000000000000009,0.0,0.0,-0.10000000000000009,-0.10000000000000009,1,False,False,"[0, 0]","[0, 0]"
72,interact,interact,0.0,0.0,-0.10000000000000009,0.0,0.0,-0.10000000000000009,-0.10000000000000009,1,False,False,"[0, 0]","[0, 0]"
73,interact,interact,0.0,0.0,2.2265,0.0,0.0,2.2265,2.2265,1,False,False,"[0, 0]","[0, 0]"
74,interact,interact,0.0,5.0,1.7574999999999985,0.0,0.0,1.7574999999999985,6.7574999999999985,1,False,False,"[0, 0]","[0, 0]"
75,"(0, 1)",interact,0.0,0.0,0.10499999999999954,0.0,0.0,0.10499999999999954,0.10499999999999954,1,False,False,"[0, 0]","[0, 0]"
76,"(0, 1)",interact,0.0,0.0,0.10250000000000092,0.0,0.0,0.10250000000000092,0.10250000000000092,1,False,False,"[0, 0]","[0, 0]"
77,interact,"(0, -1)",20.0,0.0,-8.81,0.0,0.0,-8.81,11.19,1,False,False,"[0, 0]","[0, 0]"
78,"(0, -1)","(-1, 0)",0.0,0.0,-0.06000000000000005,0.0,0.0,-0.06000000000000005,-0.06000000000000005,1,False,False,"[0, 0]","[0, 0]"
79,"(0, -1)",interact,0.0,0.0,-0.06000000000000005,0.0,0.0,-0.06000000000000005,-0.06000000000000005,1,False,False,"[0, 0]","[0, 0]"
80,"(0, -1)","(1, 0)",0.0,0.0,-0.06000000000000005,0.0,0.0,-0.06000000000000005,-0.06000000000000005,1,False,False,"[0, 0]","[0, 0]"
81,"(-1, 0)",interact,0.0,0.0,-0.06000000000000005,0.0,0.0,-0.06000000000000005,-0.06000000000000005,1,False,False,"[0, 0]","[0, 0]"
82,interact,interact,0.0,0.0,-0.06000000000000005,0.0,0.0,-0.06000000000000005,-0.06000000000000005,1,False,False,"[0, 0]","[0, 0]"
83,"(0, -1)","(0, 1)",0.0,0.0,-0.06000000000000005,0.0,0.0,-0.06000000000000005,-0.06000000000000005,1,False,False,"[0, 0]","[0, 0]"
84,"(1, 0)","(0, 1)",0.0,0.0,-0.06000000000000005,0.0,0.0,-0.06000000000000005,-0.06000000000000005,1,False,False,"[0, 0]","[0, 0]"
85,interact,"(-1, 0)",0.0,3.0,1.4249999999999996,0.0,0.0,1.4249999999999996,4.425,1,False,False,"[0, 0]","[0, 0]"
86,"(0, 1)",interact,0.0,3.0,0.6675000000000009,0.0,0.0,0.6675000000000009,3.667500000000001,1,False,False,"[0, 0]","[0, 0]"
87,"(0, -1)","(0, -1)",0.0,0.0,0.0660000000000005,0.0,0.0,0.0660000000000005,0.0660000000000005,1,False,False,"[0, 0]","[0, 0]"
88,"(0, -1)","(0, -1)",0.0,0.0,0.06449999999999845,0.0,0.0,0.06449999999999845,0.06449999999999845,1,False,False,"[0, 0]","[0, 0]"
89,"(0, -1)","(1, 0)",0.0,0.0,-0.08550000000000058,0.0,0.0,-0.08550000000000058,-0.08550000000000058,1,False,False,"[0, 0]","[0, 0]"
90,"(-1, 0)",interact,0.0,0.0,-0.08550000000000058,0.0,0.0,-0.08550000000000058,-0.08550000000000058,1,False,False,"[0, 0]","[0, 0]"
91,interact,interact,0.0,0.0,0.3600000000000003,0.0,0.0,0.3600000000000003,0.3600000000000003,1,False,False,"[0, 0]","[0, 0]"
92,"(1, 0)","(0, 1)",0.0,0.0,-0.09000000000000008,0.0,0.0,-0.09000000000000008,-0.09000000000000008,1,False,False,"[0, 0]","[0, 0]"
93,interact,"(0, 1)",0.0,3.0,1.3949999999999985,0.0,0.0,1.3949999999999985,4.394999999999999,1,False,False,"[0, 0]","[0, 0]"
94,"(-1, 0)","(-1, 0)",0.0,0.0,-0.10499999999999954,0.0,0.0,-0.10499999999999954,-0.10499999999999954,1,False,False,"[0, 0]","[0, 0]"
95,interact,interact,0.0,3.0,-0.9959999999999991,0.0,0.0,-0.9959999999999991,2.004000000000001,1,False,False,"[0, 0]","[0, 0]"
96,"(1, 0)","(0, -1)",0.0,0.0,0.05249999999999866,0.0,0.0,0.05249999999999866,0.05249999999999866,1,False,False,"[0, 0]","[0, 0]"
97,"(-1, 0)","(0, -1)",0.0,0.0,0.050999999999999934,0.0,0.0,0.050999999999999934,0.050999999999999934,1,False,False,"[0, 0]","[0, 0]"
98,"(1, 0)","(1, 0)",0.0,0.0,-0.0990000000000002,0.0,0.0,-0.0990000000000002,-0.0990000000000002,1,False,False,"[0, 0]","[0, 0]"
99,"(-1, 0)",interact,0.0,0.0,0.3464999999999996,0.0,0.0,0.3464999999999996,0.3464999999999996,1,False,False,"[0, 0]","[0, 0]"
100,"(1, 0)","(-1, 0)",0.0,0.0,-0.10350000000000081,0.0,0.0,-0.10350000000000081,-0.10350000000000081,1,False,False,"[0, 0]","[0, 0]"
101,"(0, 1)",interact,0.0,0.0,-0.2520000000000011,0.0,0.0,-0.2520000000000011,-0.2520000000000011,1,False,False,"[0, 0]","[0, 0]"
102,"(0, -1)","(1, 0)",0.0,0.0,0.04650000000000043,0.0,0.0,0.04650000000000043,0.04650000000000043,1,False,False,"[0, 0]","[0, 0]"
103,interact,interact,0.0,5.0,1.7775000000000007,0.0,0.0,1.7775000000000007,6.777500000000001,1,False,False,"[0, 0]","[0, 0]"
104,"(0, 1)","(1, 0)",0.0,0.0,0.12499999999999956,0.0,0.0,0.12499999999999956,0.12499999999999956,1,False,False,"[0, 0]","[0, 0]"
105,"(0, 1)","(1, 0)",0.0,0.0,0.12250000000000094,0.0,0.0,0.12250000000000094,0.12250000000000094,1,False,False,"[0, 0]","[0, 0]"
106,interact,"(1, 0)",20.0,0.0,-9.780000000000001,0.0,0.0,-9.780000000000001,10.219999999999999,1,False,False,"[0, 0]","[0, 0]"
107,interact,interact,0.0,0.0,-0.030000000000000027,0.0,0.0,-0.030000000000000027,-0.030000000000000027,1,False,False,"[0, 0]","[0, 0]"
108,interact,interact,0.0,0.0,-0.030000000000000027,0.0,0.0,-0.030000000000000027,-0.030000000000000027,1,False,False,"[0, 0]","[0, 0]"
109,interact,interact,0.0,0.0,-0.030000000000000027,0.0,0.0,-0.030000000000000027,-0.030000000000000027,1,False,False,"[0, 0]","[0, 0]"
110,interact,interact,0.0,0.0,-0.030000000000000027,0.0,0.0,-0.030000000000000027,-0.030000000000000027,1,False,False,"[0, 0]","[0, 0]"
111,interact,interact,0.0,0.0,-0.030000000000000027,0.0,0.0,-0.030000000000000027,-0.030000000000000027,1,False,False,"[0, 0]","[0, 0]"
112,interact,interact,0.0,0.0,-0.030000000000000027,0.0,0.0,-0.030000000000000027,-0.030000000000000027,1,False,False,"[0, 0]","[0, 0]"
113,interact,interact,0.0,0.0,-0.030000000000000027,0.0,0.0,-0.030000000000000027,-0.030000000000000027,1,False,False,"[0, 0]","[0, 0]"
114,interact,interact,0.0,0.0,-0.030000000000000027,0.0,0.0,-0.030000000000000027,-0.030000000000000027,1,False,False,"[0, 0]","[0, 0]"
115,interact,interact,0.0,0.0,-0.030000000000000027,0.0,0.0,-0.030000000000000027,-0.030000000000000027,1,False,False,"[0, 0]","[0, 0]"
116,interact,interact,0.0,0.0,-0.030000000000000027,0.0,0.0,-0.030000000000000027,-0.030000000000000027,1,False,False,"[0, 0]","[0, 0]"
117,interact,interact,0.0,0.0,-0.030000000000000027,0.0,0.0,-0.030000000000000027,-0.030000000000000027,1,False,False,"[0, 0]","[0, 0]"
118,interact,interact,0.0,0.0,-0.030000000000000027,0.0,0.0,-0.030000000000000027,-0.030000000000000027,1,False,False,"[0, 0]","[0, 0]"
119,interact,interact,0.0,0.0,-0.030000000000000027,0.0,0.0,-0.030000000000000027,-0.030000000000000027,1,False,False,"[0, 0]","[0, 0]"
120,interact,interact,0.0,0.0,-0.030000000000000027,0.0,0.0,-0.030000000000000027,-0.030000000000000027,1,False,False,"[0, 0]","[0, 0]"
121,interact,interact,0.0,0.0,-0.030000000000000027,0.0,0.0,-0.030000000000000027,-0.030000000000000027,1,False,False,"[0, 0]","[0, 0]"
122,interact,interact,0.0,0.0,-0.030000000000000027,0.0,0.0,-0.030000000000000027,-0.030000000000000027,1,False,False,"[0, 0]","[0, 0]"
123,interact,interact,0.0,0.0,-0.030000000000000027,0.0,0.0,-0.030000000000000027,-0.030000000000000027,1,False,False,"[0, 0]","[0, 0]"
124,interact,interact,0.0,0.0,-0.030000000000000027,0.0,0.0,-0.030000000000000027,-0.030000000000000027,1,False,False,"[0, 0]","[0, 0]"
125,interact,interact,0.0,0.0,-0.030000000000000027,0.0,0.0,-0.030000000000000027,-0.030000000000000027,1,False,False,"[0, 0]","[0, 0]"
126,interact,interact,0.0,0.0,-0.030000000000000027,0.0,0.0,-0.030000000000000027,-0.030000000000000027,1,False,False,"[0, 0]","[0, 0]"
127,interact,interact,0.0,0.0,-0.030000000000000027,0.0,0.0,-0.030000000000000027,-0.030000000000000027,1,False,False,"[0, 0]","[0, 0]"
128,interact,interact,0.0,0.0,-0.030000000000000027,0.0,0.0,-0.030000000000000027,-0.030000000000000027,1,False,False,"[0, 0]","[0, 0]"
129,interact,interact,0.0,0.0,-0.030000000000000027,0.0,0.0,-0.030000000000000027,-0.030000000000000027,1,False,False,"[0, 0]","[0, 0]"
130,interact,interact,0.0,0.0,-0.030000000000000027,0.0,0.0,-0.030000000000000027,-0.030000000000000027,1,False,False,"[0, 0]","[0, 0]"
131,interact,interact,0.0,0.0,-0.030000000000000027,0.0,0.0,-0.030000000000000027,-0.030000000000000027,1,False,False,"[0, 0]","[0, 0]"
132,interact,interact,0.0,0.0,-0.030000000000000027,0.0,0.0,-0.030000000000000027,-0.030000000000000027,1,False,False,"[0, 0]","[0, 0]"
133,interact,interact,0.0,0.0,-0.030000000000000027,0.0,0.0,-0.030000000000000027,-0.030000000000000027,1,False,False,"[0, 0]","[0, 0]"
134,interact,interact,0.0,0.0,-0.030000000000000027,0.0,0.0,-0.030000000000000027,-0.030000000000000027,1,False,False,"[0, 0]","[0, 0]"
135,interact,interact,0.0,0.0,-0.030000000000000027,0.0,0.0,-0.030000000000000027,-0.030000000000000027,1,False,False,"[0, 0]","[0, 0]"
136,interact,interact,0.0,0.0,-0.030000000000000027,0.0,0.0,-0.030000000000000027,-0.030000000000000027,1,False,False,"[0, 0]","[0, 0]"
137,interact,interact,0.0,0.0,-0.030000000000000027,0.0,0.0,-0.030000000000000027,-0.030000000000000027,1,False,False,"[0, 0]","[0, 0]"
138,interact,interact,0.0,0.0,-0.030000000000000027,0.0,0.0,-0.030000000000000027,-0.030000000000000027,1,False,False,"[0, 0]","[0, 0]"
139,interact,interact,0.0,0.0,-0.030000000000000027,0.0,0.0,-0.030000000000000027,-0.030000000000000027,1,False,False,"[0, 0]","[0, 0]"
140,interact,interact,0.0,0.0,-0.030000000000000027,0.0,0.0,-0.030000000000000027,-0.030000000000000027,1,False,False,"[0, 0]","[0, 0]"
141,interact,interact,0.0,0.0,-0.030000000000000027,0.0,0.0,-0.030000000000000027,-0.030000000000000027,1,False,False,"[0, 0]","[0, 0]"
142,interact,interact,0.0,0.0,-0.030000000000000027,0.0,0.0,-0.030000000000000027,-0.030000000000000027,1,False,False,"[0, 0]","[0, 0]"
143,interact,interact,0.0,0.0,-0.030000000000000027,0.0,0.0,-0.030000000000000027,-0.030000000000000027,1,False,False,"[0, 0]","[0, 0]"
144,interact,interact,0.0,0.0,-0.030000000000000027,0.0,0.0,-0.030000000000000027,-0.030000000000000027,1,False,False,"[0, 0]","[0, 0]"
145,interact,interact,0.0,0.0,-0.030000000000000027,0.0,0.0,-0.030000000000000027,-0.030000000000000027,1,False,False,"[0, 0]","[0, 0]"
146,interact,interact,0.0,0.0,-0.030000000000000027,0.0,0.0,-0.030000000000000027,-0.030000000000000027,1,False,False,"[0, 0]","[0, 0]"
147,interact,interact,0.0,0.0,-0.030000000000000027,0.0,0.0,-0.030000000000000027,-0.030000000000000027,1,False,False,"[0, 0]","[0, 0]"
148,interact,interact,0.0,0.0,-0.030000000000000027,0.0,0.0,-0.030000000000000027,-0.030000000000000027,1,False,False,"[0, 0]","[0, 0]"
149,interact,interact,0.0,0.0,-0.030000000000000027,0.0,0.0,-0.030000000000000027,-0.030000000000000027,1,False,False,"[0, 0]","[0, 0]"
150,interact,interact,0.0,0.0,-0.030000000000000027,0.0,0.0,-0.030000000000000027,-0.030000000000000027,1,False,False,"[0, 0]","[0, 0]"
151,interact,interact,0.0,0.0,-0.030000000000000027,0.0,0.0,-0.030000000000000027,-0.030000000000000027,1,False,False,"[0, 0]","[0, 0]"
152,interact,interact,0.0,0.0,-0.030000000000000027,0.0,0.0,-0.030000000000000027,-0.030000000000000027,1,False,False,"[0, 0]","[0, 0]"
153,interact,interact,0.0,0.0,-0.030000000000000027,0.0,0.0,-0.030000000000000027,-0.030000000000000027,1,False,False,"[0, 0]","[0, 0]"
154,interact,interact,0.0,0.0,-0.030000000000000027,0.0,0.0,-0.030000000000000027,-0.030000000000000027,1,False,False,"[0, 0]","[0, 0]"
155,interact,interact,0.0,0.0,-0.030000000000000027,0.0,0.0,-0.030000000000000027,-0.030000000000000027,1,False,False,"[0, 0]","[0, 0]"
156,interact,interact,0.0,0.0,-0.030000000000000027,0.0,0.0,-0.030000000000000027,-0.030000000000000027,1,False,False,"[0, 0]","[0, 0]"
157,interact,interact,0.0,0.0,-0.030000000000000027,0.0,0.0,-0.030000000000000027,-0.030000000000000027,1,False,False,"[0, 0]","[0, 0]"
158,interact,interact,0.0,0.0,-0.030000000000000027,0.0,0.0,-0.030000000000000027,-0.030000000000000027,1,False,False,"[0, 0]","[0, 0]"
159,interact,interact,0.0,0.0,-0.030000000000000027,0.0,0.0,-0.030000000000000027,-0.030000000000000027,1,False,False,"[0, 0]","[0, 0]"
160,interact,interact,0.0,0.0,-0.030000000000000027,0.0,0.0,-0.030000000000000027,-0.030000000000000027,1,False,False,"[0, 0]","[0, 0]"
161,interact,interact,0.0,0.0,-0.030000000000000027,0.0,0.0,-0.030000000000000027,-0.030000000000000027,1,False,False,"[0, 0]","[0, 0]"
162,interact,interact,0.0,0.0,-0.030000000000000027,0.0,0.0,-0.030000000000000027,-0.030000000000000027,1,False,False,"[0, 0]","[0, 0]"
163,interact,interact,0.0,0.0,-0.030000000000000027,0.0,0.0,-0.030000000000000027,-0.030000000000000027,1,False,False,"[0, 0]","[0, 0]"
164,interact,interact,0.0,0.0,-0.030000000000000027,0.0,0.0,-0.030000000000000027,-0.030000000000000027,1,False,False,"[0, 0]","[0, 0]"
165,interact,interact,0.0,0.0,-0.030000000000000027,0.0,0.0,-0.030000000000000027,-0.030000000000000027,1,False,False,"[0, 0]","[0, 0]"
166,interact,interact,0.0,0.0,-0.030000000000000027,0.0,0.0,-0.030000000000000027,-0.030000000000000027,1,False,False,"[0, 0]","[0, 0]"
167,interact,interact,0.0,0.0,-0.030000000000000027,0.0,0.0,-0.030000000000000027,-0.030000000000000027,1,False,False,"[0, 0]","[0, 0]"
168,interact,interact,0.0,0.0,-0.030000000000000027,0.0,0.0,-0.030000000000000027,-0.030000000000000027,1,False,False,"[0, 0]","[0, 0]"
169,interact,interact,0.0,0.0,-0.030000000000000027,0.0,0.0,-0.030000000000000027,-0.030000000000000027,1,False,False,"[0, 0]","[0, 0]"
170,interact,interact,0.0,0.0,-0.030000000000000027,0.0,0.0,-0.030000000000000027,-0.030000000000000027,1,False,False,"[0, 0]","[0, 0]"
171,interact,interact,0.0,0.0,-0.030000000000000027,0.0,0.0,-0.030000000000000027,-0.030000000000000027,1,False,False,"[0, 0]","[0, 0]"
172,interact,interact,0.0,0.0,-0.030000000000000027,0.0,0.0,-0.030000000000000027,-0.030000000000000027,1,False,False,"[0, 0]","[0, 0]"
173,interact,interact,0.0,0.0,-0.030000000000000027,0.0,0.0,-0.030000000000000027,-0.030000000000000027,1,False,False,"[0, 0]","[0, 0]"
174,interact,interact,0.0,0.0,-0.030000000000000027,0.0,0.0,-0.030000000000000027,-0.030000000000000027,1,False,False,"[0, 0]","[0, 0]"
175,interact,interact,0.0,0.0,-0.030000000000000027,0.0,0.0,-0.030000000000000027,-0.030000000000000027,1,False,False,"[0, 0]","[0, 0]"
176,interact,interact,0.0,0.0,-0.030000000000000027,0.0,0.0,-0.030000000000000027,-0.030000000000000027,1,False,False,"[0, 0]","[0, 0]"
177,interact,interact,0.0,0.0,-0.030000000000000027,0.0,0.0,-0.030000000000000027,-0.030000000000000027,1,False,False,"[0, 0]","[0, 0]"
178,interact,interact,0.0,0.0,-0.030000000000000027,0.0,0.0,-0.030000000000000027,-0.030000000000000027,1,False,False,"[0, 0]","[0, 0]"
179,interact,interact,0.0,0.0,-0.030000000000000027,0.0,0.0,-0.030000000000000027,-0.030000000000000027,1,False,False,"[0, 0]","[0, 0]"
180,interact,interact,0.0,0.0,-0.030000000000000027,0.0,0.0,-0.030000000000000027,-0.030000000000000027,1,False,False,"[0, 0]","[0, 0]"
181,interact,interact,0.0,0.0,-0.030000000000000027,0.0,0.0,-0.030000000000000027,-0.030000000000000027,1,False,False,"[0, 0]","[0, 0]"
182,interact,interact,0.0,0.0,-0.030000000000000027,0.0,0.0,-0.030000000000000027,-0.030000000000000027,1,False,False,"[0, 0]","[0, 0]"
183,interact,interact,0.0,0.0,-0.030000000000000027,0.0,0.0,-0.030000000000000027,-0.030000000000000027,1,False,False,"[0, 0]","[0, 0]"
184,interact,interact,0.0,0.0,-0.030000000000000027,0.0,0.0,-0.030000000000000027,-0.030000000000000027,1,False,False,"[0, 0]","[0, 0]"
185,interact,interact,0.0,0.0,-0.030000000000000027,0.0,0.0,-0.030000000000000027,-0.030000000000000027,1,False,False,"[0, 0]","[0, 0]"
186,interact,interact,0.0,0.0,-0.030000000000000027,0.0,0.0,-0.030000000000000027,-0.030000000000000027,1,False,False,"[0, 0]","[0, 0]"
187,interact,interact,0.0,0.0,-0.030000000000000027,0.0,0.0,-0.030000000000000027,-0.030000000000000027,1,False,False,"[0, 0]","[0, 0]"
188,interact,interact,0.0,0.0,-0.030000000000000027,0.0,0.0,-0.030000000000000027,-0.030000000000000027,1,False,False,"[0, 0]","[0, 0]"
189,interact,interact,0.0,0.0,-0.030000000000000027,0.0,0.0,-0.030000000000000027,-0.030000000000000027,1,False,False,"[0, 0]","[0, 0]"
190,interact,interact,0.0,0.0,-0.030000000000000027,0.0,0.0,-0.030000000000000027,-0.030000000000000027,1,False,False,"[0, 0]","[0, 0]"
191,interact,interact,0.0,0.0,-0.030000000000000027,0.0,0.0,-0.030000000000000027,-0.030000000000000027,1,False,False,"[0, 0]","[0, 0]"
192,interact,interact,0.0,0.0,-0.030000000000000027,0.0,0.0,-0.030000000000000027,-0.030000000000000027,1,False,False,"[0, 0]","[0, 0]"
193,interact,interact,0.0,0.0,-0.030000000000000027,0.0,0.0,-0.030000000000000027,-0.030000000000000027,1,False,False,"[0, 0]","[0, 0]"
194,interact,interact,0.0,0.0,-0.030000000000000027,0.0,0.0,-0.030000000000000027,-0.030000000000000027,1,False,False,"[0, 0]","[0, 0]"
195,interact,interact,0.0,0.0,-0.030000000000000027,0.0,0.0,-0.030000000000000027,-0.030000000000000027,1,False,False,"[0, 0]","[0, 0]"
196,interact,interact,0.0,0.0,-0.030000000000000027,0.0,0.0,-0.030000000000000027,-0.030000000000000027,1,False,False,"[0, 0]","[0, 0]"
197,interact,interact,0.0,0.0,-0.030000000000000027,0.0,0.0,-0.030000000000000027,-0.030000000000000027,1,False,False,"[0, 0]","[0, 0]"
198,interact,interact,0.0,0.0,-0.030000000000000027,0.0,0.0,-0.030000000000000027,-0.030000000000000027,1,False,False,"[0, 0]","[0, 0]"
199,interact,interact,0.0,0.0,-0.030000000000000027,0.0,0.0,-0.030000000000000027,-0.030000000000000027,1,False,False,"[0, 0]","[0, 0]"
200,interact,interact,0.0,0.0,-0.030000000000000027,0.0,0.0,-0.030000000000000027,-0.030000000000000027,1,False,False,"[0, 0]","[0, 0]"
201,interact,interact,0.0,0.0,-0.030000000000000027,0.0,0.0,-0.030000000000000027,-0.030000000000000027,1,False,False,"[0, 0]","[0, 0]"
202,interact,interact,0.0,0.0,-0.030000000000000027,0.0,0.0,-0.030000000000000027,-0.030000000000000027,1,False,False,"[0, 0]","[0, 0]"
203,interact,interact,0.0,0.0,-0.030000000000000027,0.0,0.0,-0.030000000000000027,-0.030000000000000027,1,False,False,"[0, 0]","[0, 0]"
204,interact,interact,0.0,0.0,-0.030000000000000027,0.0,0.0,-0.030000000000000027,-0.030000000000000027,1,False,False,"[0, 0]","[0, 0]"
205,interact,interact,0.0,0.0,-0.030000000000000027,0.0,0.0,-0.030000000000000027,-0.030000000000000027,1,False,False,"[0, 0]","[0, 0]"
206,interact,interact,0.0,0.0,-0.030000000000000027,0.0,0.0,-0.030000000000000027,-0.030000000000000027,1,False,False,"[0, 0]","[0, 0]"
207,interact,interact,0.0,0.0,-0.030000000000000027,0.0,0.0,-0.030000000000000027,-0.030000000000000027,1,False,False,"[0, 0]","[0, 0]"
208,interact,interact,0.0,0.0,-0.030000000000000027,0.0,0.0,-0.030000000000000027,-0.030000000000000027,1,False,False,"[0, 0]","[0, 0]"
209,interact,interact,0.0,0.0,-0.030000000000000027,0.0,0.0,-0.030000000000000027,-0.030000000000000027,1,False,False,"[0, 0]","[0, 0]"
210,interact,interact,0.0,0.0,-0.030000000000000027,0.0,0.0,-0.030000000000000027,-0.030000000000000027,1,False,False,"[0, 0]","[0, 0]"
211,interact,interact,0.0,0.0,-0.030000000000000027,0.0,0.0,-0.030000000000000027,-0.030000000000000027,1,False,False,"[0, 0]","[0, 0]"
212,interact,interact,0.0,0.0,-0.030000000000000027,0.0,0.0,-0.030000000000000027,-0.030000000000000027,1,False,False,"[0, 0]","[0, 0]"
213,interact,interact,0.0,0.0,-0.030000000000000027,0.0,0.0,-0.030000000000000027,-0.030000000000000027,1,False,False,"[0, 0]","[0, 0]"
214,interact,interact,0.0,0.0,-0.030000000000000027,0.0,0.0,-0.030000000000000027,-0.030000000000000027,1,False,False,"[0, 0]","[0, 0]"
215,interact,interact,0.0,0.0,-0.030000000000000027,0.0,0.0,-0.030000000000000027,-0.030000000000000027,1,False,False,"[0, 0]","[0, 0]"
216,interact,interact,0.0,0.0,-0.030000000000000027,0.0,0.0,-0.030000000000000027,-0.030000000000000027,1,False,False,"[0, 0]","[0, 0]"
217,interact,interact,0.0,0.0,-0.030000000000000027,0.0,0.0,-0.030000000000000027,-0.030000000000000027,1,False,False,"[0, 0]","[0, 0]"
218,interact,interact,0.0,0.0,-0.030000000000000027,0.0,0.0,-0.030000000000000027,-0.030000000000000027,1,False,False,"[0, 0]","[0, 0]"
219,interact,interact,0.0,0.0,-0.030000000000000027,0.0,0.0,-0.030000000000000027,-0.030000000000000027,1,False,False,"[0, 0]","[0, 0]"
220,interact,interact,0.0,0.0,-0.030000000000000027,0.0,0.0,-0.030000000000000027,-0.030000000000000027,1,False,False,"[0, 0]","[0, 0]"
221,interact,interact,0.0,0.0,-0.030000000000000027,0.0,0.0,-0.030000000000000027,-0.030000000000000027,1,False,False,"[0, 0]","[0, 0]"
222,interact,interact,0.0,0.0,-0.030000000000000027,0.0,0.0,-0.030000000000000027,-0.030000000000000027,1,False,False,"[0, 0]","[0, 0]"
223,interact,interact,0.0,0.0,-0.030000000000000027,0.0,0.0,-0.030000000000000027,-0.030000000000000027,1,False,False,"[0, 0]","[0, 0]"
224,interact,interact,0.0,0.0,-0.030000000000000027,0.0,0.0,-0.030000000000000027,-0.030000000000000027,1,False,False,"[0, 0]","[0, 0]"
225,interact,interact,0.0,0.0,-0.030000000000000027,0.0,0.0,-0.030000000000000027,-0.030000000000000027,1,False,False,"[0, 0]","[0, 0]"
226,interact,interact,0.0,0.0,-0.030000000000000027,0.0,0.0,-0.030000000000000027,-0.030000000000000027,1,False,False,"[0, 0]","[0, 0]"
227,interact,interact,0.0,0.0,-0.030000000000000027,0.0,0.0,-0.030000000000000027,-0.030000000000000027,1,False,False,"[0, 0]","[0, 0]"
228,interact,interact,0.0,0.0,-0.030000000000000027,0.0,0.0,-0.030000000000000027,-0.030000000000000027,1,False,False,"[0, 0]","[0, 0]"
229,interact,interact,0.0,0.0,-0.030000000000000027,0.0,0.0,-0.030000000000000027,-0.030000000000000027,1,False,False,"[0, 0]","[0, 0]"
230,interact,interact,0.0,0.0,-0.030000000000000027,0.0,0.0,-0.030000000000000027,-0.030000000000000027,1,False,False,"[0, 0]","[0, 0]"
231,interact,interact,0.0,0.0,-0.030000000000000027,0.0,0.0,-0.030000000000000027,-0.030000000000000027,1,False,False,"[0, 0]","[0, 0]"
232,interact,interact,0.0,0.0,-0.030000000000000027,0.0,0.0,-0.030000000000000027,-0.030000000000000027,1,False,False,"[0, 0]","[0, 0]"
233,interact,interact,0.0,0.0,-0.030000000000000027,0.0,0.0,-0.030000000000000027,-0.030000000000000027,1,False,False,"[0, 0]","[0, 0]"
234,interact,interact,0.0,0.0,-0.030000000000000027,0.0,0.0,-0.030000000000000027,-0.030000000000000027,1,False,False,"[0, 0]","[0, 0]"
235,interact,interact,0.0,0.0,-0.030000000000000027,0.0,0.0,-0.030000000000000027,-0.030000000000000027,1,False,False,"[0, 0]","[0, 0]"
236,interact,interact,0.0,0.0,-0.030000000000000027,0.0,0.0,-0.030000000000000027,-0.030000000000000027,1,False,False,"[0, 0]","[0, 0]"
237,interact,interact,0.0,0.0,-0.030000000000000027,0.0,0.0,-0.030000000000000027,-0.030000000000000027,1,False,False,"[0, 0]","[0, 0]"
238,interact,interact,0.0,0.0,-0.030000000000000027,0.0,0.0,-0.030000000000000027,-0.030000000000000027,1,False,False,"[0, 0]","[0, 0]"
239,interact,interact,0.0,0.0,-0.030000000000000027,0.0,0.0,-0.030000000000000027,-0.030000000000000027,1,False,False,"[0, 0]","[0, 0]"
240,interact,interact,0.0,0.0,-0.030000000000000027,0.0,0.0,-0.030000000000000027,-0.030000000000000027,1,False,False,"[0, 0]","[0, 0]"
241,interact,interact,0.0,0.0,-0.030000000000000027,0.0,0.0,-0.030000000000000027,-0.030000000000000027,1,False,False,"[0, 0]","[0, 0]"
242,interact,interact,0.0,0.0,-0.030000000000000027,0.0,0.0,-0.030000000000000027,-0.030000000000000027,1,False,False,"[0, 0]","[0, 0]"
243,interact,interact,0.0,0.0,-0.030000000000000027,0.0,0.0,-0.030000000000000027,-0.030000000000000027,1,False,False,"[0, 0]","[0, 0]"
244,interact,interact,0.0,0.0,-0.030000000000000027,0.0,0.0,-0.030000000000000027,-0.030000000000000027,1,False,False,"[0, 0]","[0, 0]"
245,interact,interact,0.0,0.0,-0.030000000000000027,0.0,0.0,-0.030000000000000027,-0.030000000000000027,1,False,False,"[0, 0]","[0, 0]"
246,interact,interact,0.0,0.0,-0.030000000000000027,0.0,0.0,-0.030000000000000027,-0.030000000000000027,1,False,False,"[0, 0]","[0, 0]"
247,interact,interact,0.0,0.0,-0.030000000000000027,0.0,0.0,-0.030000000000000027,-0.030000000000000027,1,False,False,"[0, 0]","[0, 0]"
248,interact,interact,0.0,0.0,-0.030000000000000027,0.0,0.0,-0.030000000000000027,-0.030000000000000027,1,False,False,"[0, 0]","[0, 0]"
249,interact,interact,0.0,0.0,-0.030000000000000027,0.0,0.0,-0.030000000000000027,-0.030000000000000027,1,False,False,"[0, 0]","[0, 0]"
250,interact,interact,0.0,0.0,-0.030000000000000027,0.0,0.0,-0.030000000000000027,-0.030000000000000027,1,False,False,"[0, 0]","[0, 0]"
251,interact,interact,0.0,0.0,-0.030000000000000027,0.0,0.0,-0.030000000000000027,-0.030000000000000027,1,False,False,"[0, 0]","[0, 0]"
252,interact,interact,0.0,0.0,-0.030000000000000027,0.0,0.0,-0.030000000000000027,-0.030000000000000027,1,False,False,"[0, 0]","[0, 0]"
253,interact,interact,0.0,0.0,-0.030000000000000027,0.0,0.0,-0.030000000000000027,-0.030000000000000027,1,False,False,"[0, 0]","[0, 0]"
254,interact,interact,0.0,0.0,-0.030000000000000027,0.0,0.0,-0.030000000000000027,-0.030000000000000027,1,False,False,"[0, 0]","[0, 0]"
255,interact,interact,0.0,0.0,-0.030000000000000027,0.0,0.0,-0.030000000000000027,-0.030000000000000027,1,False,False,"[0, 0]","[0, 0]"
256,interact,interact,0.0,0.0,-0.030000000000000027,0.0,0.0,-0.030000000000000027,-0.030000000000000027,1,False,False,"[0, 0]","[0, 0]"
257,interact,interact,0.0,0.0,-0.030000000000000027,0.0,0.0,-0.030000000000000027,-0.030000000000000027,1,False,False,"[0, 0]","[0, 0]"
258,interact,interact,0.0,0.0,-0.030000000000000027,0.0,0.0,-0.030000000000000027,-0.030000000000000027,1,False,False,"[0, 0]","[0, 0]"
259,interact,interact,0.0,0.0,-0.030000000000000027,0.0,0.0,-0.030000000000000027,-0.030000000000000027,1,False,False,"[0, 0]","[0, 0]"
260,interact,interact,0.0,0.0,-0.030000000000000027,0.0,0.0,-0.030000000000000027,-0.030000000000000027,1,False,False,"[0, 0]","[0, 0]"
261,interact,interact,0.0,0.0,-0.030000000000000027,0.0,0.0,-0.030000000000000027,-0.030000000000000027,1,False,False,"[0, 0]","[0, 0]"
262,interact,interact,0.0,0.0,-0.030000000000000027,0.0,0.0,-0.030000000000000027,-0.030000000000000027,1,False,False,"[0, 0]","[0, 0]"
263,interact,interact,0.0,0.0,-0.030000000000000027,0.0,0.0,-0.030000000000000027,-0.030000000000000027,1,False,False,"[0, 0]","[0, 0]"
264,interact,interact,0.0,0.0,-0.030000000000000027,0.0,0.0,-0.030000000000000027,-0.030000000000000027,1,False,False,"[0, 0]","[0, 0]"
265,interact,interact,0.0,0.0,-0.030000000000000027,0.0,0.0,-0.030000000000000027,-0.030000000000000027,1,False,False,"[0, 0]","[0, 0]"
266,interact,interact,0.0,0.0,-0.030000000000000027,0.0,0.0,-0.030000000000000027,-0.030000000000000027,1,False,False,"[0, 0]","[0, 0]"
267,interact,interact,0.0,0.0,-0.030000000000000027,0.0,0.0,-0.030000000000000027,-0.030000000000000027,1,False,False,"[0, 0]","[0, 0]"
268,interact,interact,0.0,0.0,-0.030000000000000027,0.0,0.0,-0.030000000000000027,-0.030000000000000027,1,False,False,"[0, 0]","[0, 0]"
269,interact,interact,0.0,0.0,-0.030000000000000027,0.0,0.0,-0.030000000000000027,-0.030000000000000027,1,False,False,"[0, 0]","[0, 0]"
270,interact,interact,0.0,0.0,-0.030000000000000027,0.0,0.0,-0.030000000000000027,-0.030000000000000027,1,False,False,"[0, 0]","[0, 0]"
271,interact,interact,0.0,0.0,-0.030000000000000027,0.0,0.0,-0.030000000000000027,-0.030000000000000027,1,False,False,"[0, 0]","[0, 0]"
272,interact,interact,0.0,0.0,-0.030000000000000027,0.0,0.0,-0.030000000000000027,-0.030000000000000027,1,False,False,"[0, 0]","[0, 0]"
273,interact,interact,0.0,0.0,-0.030000000000000027,0.0,0.0,-0.030000000000000027,-0.030000000000000027,1,False,False,"[0, 0]","[0, 0]"
274,interact,interact,0.0,0.0,-0.030000000000000027,0.0,0.0,-0.030000000000000027,-0.030000000000000027,1,False,False,"[0, 0]","[0, 0]"
275,interact,interact,0.0,0.0,-0.030000000000000027,0.0,0.0,-0.030000000000000027,-0.030000000000000027,1,False,False,"[0, 0]","[0, 0]"
276,interact,interact,0.0,0.0,-0.030000000000000027,0.0,0.0,-0.030000000000000027,-0.030000000000000027,1,False,False,"[0, 0]","[0, 0]"
277,interact,interact,0.0,0.0,-0.030000000000000027,0.0,0.0,-0.030000000000000027,-0.030000000000000027,1,False,False,"[0, 0]","[0, 0]"
278,interact,interact,0.0,0.0,-0.030000000000000027,0.0,0.0,-0.030000000000000027,-0.030000000000000027,1,False,False,"[0, 0]","[0, 0]"
279,interact,interact,0.0,0.0,-0.030000000000000027,0.0,0.0,-0.030000000000000027,-0.030000000000000027,1,False,False,"[0, 0]","[0, 0]"
280,interact,interact,0.0,0.0,-0.030000000000000027,0.0,0.0,-0.030000000000000027,-0.030000000000000027,1,False,False,"[0, 0]","[0, 0]"
281,interact,interact,0.0,0.0,-0.030000000000000027,0.0,0.0,-0.030000000000000027,-0.030000000000000027,1,False,False,"[0, 0]","[0, 0]"
282,interact,interact,0.0,0.0,-0.030000000000000027,0.0,0.0,-0.030000000000000027,-0.030000000000000027,1,False,False,"[0, 0]","[0, 0]"
283,interact,interact,0.0,0.0,-0.030000000000000027,0.0,0.0,-0.030000000000000027,-0.030000000000000027,1,False,False,"[0, 0]","[0, 0]"
284,interact,interact,0.0,0.0,-0.030000000000000027,0.0,0.0,-0.030000000000000027,-0.030000000000000027,1,False,False,"[0, 0]","[0, 0]"
285,interact,interact,0.0,0.0,-0.030000000000000027,0.0,0.0,-0.030000000000000027,-0.030000000000000027,1,False,False,"[0, 0]","[0, 0]"
286,interact,interact,0.0,0.0,-0.030000000000000027,0.0,0.0,-0.030000000000000027,-0.030000000000000027,1,False,False,"[0, 0]","[0, 0]"
287,interact,interact,0.0,0.0,-0.030000000000000027,0.0,0.0,-0.030000000000000027,-0.030000000000000027,1,False,False,"[0, 0]","[0, 0]"
288,interact,interact,0.0,0.0,-0.030000000000000027,0.0,0.0,-0.030000000000000027,-0.030000000000000027,1,False,False,"[0, 0]","[0, 0]"
289,interact,interact,0.0,0.0,-0.030000000000000027,0.0,0.0,-0.030000000000000027,-0.030000000000000027,1,False,False,"[0, 0]","[0, 0]"
290,interact,interact,0.0,0.0,-0.030000000000000027,0.0,0.0,-0.030000000000000027,-0.030000000000000027,1,False,False,"[0, 0]","[0, 0]"
291,interact,interact,0.0,0.0,-0.030000000000000027,0.0,0.0,-0.030000000000000027,-0.030000000000000027,1,False,False,"[0, 0]","[0, 0]"
292,interact,interact,0.0,0.0,-0.030000000000000027,0.0,0.0,-0.030000000000000027,-0.030000000000000027,1,False,False,"[0, 0]","[0, 0]"
293,interact,interact,0.0,0.0,-0.030000000000000027,0.0,0.0,-0.030000000000000027,-0.030000000000000027,1,False,False,"[0, 0]","[0, 0]"
294,interact,interact,0.0,0.0,-0.030000000000000027,0.0,0.0,-0.030000000000000027,-0.030000000000000027,1,False,False,"[0, 0]","[0, 0]"
295,interact,interact,0.0,0.0,-0.030000000000000027,0.0,0.0,-0.030000000000000027,-0.030000000000000027,1,False,False,"[0, 0]","[0, 0]"
296,interact,interact,0.0,0.0,-0.030000000000000027,0.0,0.0,-0.030000000000000027,-0.030000000000000027,1,False,False,"[0, 0]","[0, 0]"
297,interact,interact,0.0,0.0,-0.030000000000000027,0.0,0.0,-0.030000000000000027,-0.030000000000000027,1,False,False,"[0, 0]","[0, 0]"
298,interact,interact,0.0,0.0,-0.030000000000000027,0.0,0.0,-0.030000000000000027,-0.030000000000000027,1,False,False,"[0, 0]","[0, 0]"
299,interact,interact,0.0,0.0,-0.030000000000000027,0.0,0.0,-0.030000000000000027,-0.030000000000000027,1,False,False,"[0, 0]","[0, 0]"
300,interact,interact,0.0,0.0,-0.030000000000000027,0.0,0.0,-0.030000000000000027,-0.030000000000000027,1,False,False,"[0, 0]","[0, 0]"
301,interact,interact,0.0,0.0,-0.030000000000000027,0.0,0.0,-0.030000000000000027,-0.030000000000000027,1,False,False,"[0, 0]","[0, 0]"
302,interact,interact,0.0,0.0,-0.030000000000000027,0.0,0.0,-0.030000000000000027,-0.030000000000000027,1,False,False,"[0, 0]","[0, 0]"
303,interact,interact,0.0,0.0,-0.030000000000000027,0.0,0.0,-0.030000000000000027,-0.030000000000000027,1,False,False,"[0, 0]","[0, 0]"
304,interact,interact,0.0,0.0,-0.030000000000000027,0.0,0.0,-0.030000000000000027,-0.030000000000000027,1,False,False,"[0, 0]","[0, 0]"
305,interact,interact,0.0,0.0,-0.030000000000000027,0.0,0.0,-0.030000000000000027,-0.030000000000000027,1,False,False,"[0, 0]","[0, 0]"
306,interact,interact,0.0,0.0,-0.030000000000000027,0.0,0.0,-0.030000000000000027,-0.030000000000000027,1,False,False,"[0, 0]","[0, 0]"
307,interact,interact,0.0,0.0,-0.030000000000000027,0.0,0.0,-0.030000000000000027,-0.030000000000000027,1,False,False,"[0, 0]","[0, 0]"
308,interact,interact,0.0,0.0,-0.030000000000000027,0.0,0.0,-0.030000000000000027,-0.030000000000000027,1,False,False,"[0, 0]","[0, 0]"
309,interact,interact,0.0,0.0,-0.030000000000000027,0.0,0.0,-0.030000000000000027,-0.030000000000000027,1,False,False,"[0, 0]","[0, 0]"
310,interact,interact,0.0,0.0,-0.030000000000000027,0.0,0.0,-0.030000000000000027,-0.030000000000000027,1,False,False,"[0, 0]","[0, 0]"
311,interact,interact,0.0,0.0,-0.030000000000000027,0.0,0.0,-0.030000000000000027,-0.030000000000000027,1,False,False,"[0, 0]","[0, 0]"
312,interact,interact,0.0,0.0,-0.030000000000000027,0.0,0.0,-0.030000000000000027,-0.030000000000000027,1,False,False,"[0, 0]","[0, 0]"
313,interact,interact,0.0,0.0,-0.030000000000000027,0.0,0.0,-0.030000000000000027,-0.030000000000000027,1,False,False,"[0, 0]","[0, 0]"
314,interact,interact,0.0,0.0,-0.030000000000000027,0.0,0.0,-0.030000000000000027,-0.030000000000000027,1,False,False,"[0, 0]","[0, 0]"
315,interact,interact,0.0,0.0,-0.030000000000000027,0.0,0.0,-0.030000000000000027,-0.030000000000000027,1,False,False,"[0, 0]","[0, 0]"
316,interact,interact,0.0,0.0,-0.030000000000000027,0.0,0.0,-0.030000000000000027,-0.030000000000000027,1,False,False,"[0, 0]","[0, 0]"
317,interact,interact,0.0,0.0,-0.030000000000000027,0.0,0.0,-0.030000000000000027,-0.030000000000000027,1,False,False,"[0, 0]","[0, 0]"
318,interact,interact,0.0,0.0,-0.030000000000000027,0.0,0.0,-0.030000000000000027,-0.030000000000000027,1,False,False,"[0, 0]","[0, 0]"
319,interact,interact,0.0,0.0,-0.030000000000000027,0.0,0.0,-0.030000000000000027,-0.030000000000000027,1,False,False,"[0, 0]","[0, 0]"
320,interact,interact,0.0,0.0,-0.030000000000000027,0.0,0.0,-0.030000000000000027,-0.030000000000000027,1,False,False,"[0, 0]","[0, 0]"
321,interact,interact,0.0,0.0,-0.030000000000000027,0.0,0.0,-0.030000000000000027,-0.030000000000000027,1,False,False,"[0, 0]","[0, 0]"
322,interact,interact,0.0,0.0,-0.030000000000000027,0.0,0.0,-0.030000000000000027,-0.030000000000000027,1,False,False,"[0, 0]","[0, 0]"
323,interact,interact,0.0,0.0,-0.030000000000000027,0.0,0.0,-0.030000000000000027,-0.030000000000000027,1,False,False,"[0, 0]","[0, 0]"
324,interact,interact,0.0,0.0,-0.030000000000000027,0.0,0.0,-0.030000000000000027,-0.030000000000000027,1,False,False,"[0, 0]","[0, 0]"
325,interact,interact,0.0,0.0,-0.030000000000000027,0.0,0.0,-0.030000000000000027,-0.030000000000000027,1,False,False,"[0, 0]","[0, 0]"
326,interact,interact,0.0,0.0,-0.030000000000000027,0.0,0.0,-0.030000000000000027,-0.030000000000000027,1,False,False,"[0, 0]","[0, 0]"
327,interact,interact,0.0,0.0,-0.030000000000000027,0.0,0.0,-0.030000000000000027,-0.030000000000000027,1,False,False,"[0, 0]","[0, 0]"
328,interact,interact,0.0,0.0,-0.030000000000000027,0.0,0.0,-0.030000000000000027,-0.030000000000000027,1,False,False,"[0, 0]","[0, 0]"
329,interact,interact,0.0,0.0,-0.030000000000000027,0.0,0.0,-0.030000000000000027,-0.030000000000000027,1,False,False,"[0, 0]","[0, 0]"
330,interact,interact,0.0,0.0,-0.030000000000000027,0.0,0.0,-0.030000000000000027,-0.030000000000000027,1,False,False,"[0, 0]","[0, 0]"
331,interact,interact,0.0,0.0,-0.030000000000000027,0.0,0.0,-0.030000000000000027,-0.030000000000000027,1,False,False,"[0, 0]","[0, 0]"
332,interact,interact,0.0,0.0,-0.030000000000000027,0.0,0.0,-0.030000000000000027,-0.030000000000000027,1,False,False,"[0, 0]","[0, 0]"
333,interact,interact,0.0,0.0,-0.030000000000000027,0.0,0.0,-0.030000000000000027,-0.030000000000000027,1,False,False,"[0, 0]","[0, 0]"
334,interact,interact,0.0,0.0,-0.030000000000000027,0.0,0.0,-0.030000000000000027,-0.030000000000000027,1,False,False,"[0, 0]","[0, 0]"
335,interact,interact,0.0,0.0,-0.030000000000000027,0.0,0.0,-0.030000000000000027,-0.030000000000000027,1,False,False,"[0, 0]","[0, 0]"
336,interact,interact,0.0,0.0,-0.030000000000000027,0.0,0.0,-0.030000000000000027,-0.030000000000000027,1,False,False,"[0, 0]","[0, 0]"
337,interact,interact,0.0,0.0,-0.030000000000000027,0.0,0.0,-0.030000000000000027,-0.030000000000000027,1,False,False,"[0, 0]","[0, 0]"
338,interact,interact,0.0,0.0,-0.030000000000000027,0.0,0.0,-0.030000000000000027,-0.030000000000000027,1,False,False,"[0, 0]","[0, 0]"
339,interact,interact,0.0,0.0,-0.030000000000000027,0.0,0.0,-0.030000000000000027,-0.030000000000000027,1,False,False,"[0, 0]","[0, 0]"
340,interact,interact,0.0,0.0,-0.030000000000000027,0.0,0.0,-0.030000000000000027,-0.030000000000000027,1,False,False,"[0, 0]","[0, 0]"
341,interact,interact,0.0,0.0,-0.030000000000000027,0.0,0.0,-0.030000000000000027,-0.030000000000000027,1,False,False,"[0, 0]","[0, 0]"
342,interact,interact,0.0,0.0,-0.030000000000000027,0.0,0.0,-0.030000000000000027,-0.030000000000000027,1,False,False,"[0, 0]","[0, 0]"
343,interact,interact,0.0,0.0,-0.030000000000000027,0.0,0.0,-0.030000000000000027,-0.030000000000000027,1,False,False,"[0, 0]","[0, 0]"
344,interact,interact,0.0,0.0,-0.030000000000000027,0.0,0.0,-0.030000000000000027,-0.030000000000000027,1,False,False,"[0, 0]","[0, 0]"
345,interact,interact,0.0,0.0,-0.030000000000000027,0.0,0.0,-0.030000000000000027,-0.030000000000000027,1,False,False,"[0, 0]","[0, 0]"
346,interact,interact,0.0,0.0,-0.030000000000000027,0.0,0.0,-0.030000000000000027,-0.030000000000000027,1,False,False,"[0, 0]","[0, 0]"
347,interact,interact,0.0,0.0,-0.030000000000000027,0.0,0.0,-0.030000000000000027,-0.030000000000000027,1,False,False,"[0, 0]","[0, 0]"
348,interact,interact,0.0,0.0,-0.030000000000000027,0.0,0.0,-0.030000000000000027,-0.030000000000000027,1,False,False,"[0, 0]","[0, 0]"
349,interact,interact,0.0,0.0,-0.030000000000000027,0.0,0.0,-0.030000000000000027,-0.030000000000000027,1,False,False,"[0, 0]","[0, 0]"
350,interact,interact,0.0,0.0,-0.030000000000000027,0.0,0.0,-0.030000000000000027,-0.030000000000000027,1,False,False,"[0, 0]","[0, 0]"
351,interact,interact,0.0,0.0,-0.030000000000000027,0.0,0.0,-0.030000000000000027,-0.030000000000000027,1,False,False,"[0, 0]","[0, 0]"
352,interact,interact,0.0,0.0,-0.030000000000000027,0.0,0.0,-0.030000000000000027,-0.030000000000000027,1,False,False,"[0, 0]","[0, 0]"
353,interact,interact,0.0,0.0,-0.030000000000000027,0.0,0.0,-0.030000000000000027,-0.030000000000000027,1,False,False,"[0, 0]","[0, 0]"
354,interact,interact,0.0,0.0,-0.030000000000000027,0.0,0.0,-0.030000000000000027,-0.030000000000000027,1,False,False,"[0, 0]","[0, 0]"
355,interact,interact,0.0,0.0,-0.030000000000000027,0.0,0.0,-0.030000000000000027,-0.030000000000000027,1,False,False,"[0, 0]","[0, 0]"
356,interact,interact,0.0,0.0,-0.030000000000000027,0.0,0.0,-0.030000000000000027,-0.030000000000000027,1,False,False,"[0, 0]","[0, 0]"
357,interact,interact,0.0,0.0,-0.030000000000000027,0.0,0.0,-0.030000000000000027,-0.030000000000000027,1,False,False,"[0, 0]","[0, 0]"
358,interact,interact,0.0,0.0,-0.030000000000000027,0.0,0.0,-0.030000000000000027,-0.030000000000000027,1,False,False,"[0, 0]","[0, 0]"
359,interact,interact,0.0,0.0,-0.030000000000000027,0.0,0.0,-0.030000000000000027,-0.030000000000000027,1,False,False,"[0, 0]","[0, 0]"
360,interact,interact,0.0,0.0,-0.030000000000000027,0.0,0.0,-0.030000000000000027,-0.030000000000000027,1,False,False,"[0, 0]","[0, 0]"
361,interact,interact,0.0,0.0,-0.030000000000000027,0.0,0.0,-0.030000000000000027,-0.030000000000000027,1,False,False,"[0, 0]","[0, 0]"
362,interact,interact,0.0,0.0,-0.030000000000000027,0.0,0.0,-0.030000000000000027,-0.030000000000000027,1,False,False,"[0, 0]","[0, 0]"
363,interact,interact,0.0,0.0,-0.030000000000000027,0.0,0.0,-0.030000000000000027,-0.030000000000000027,1,False,False,"[0, 0]","[0, 0]"
364,interact,interact,0.0,0.0,-0.030000000000000027,0.0,0.0,-0.030000000000000027,-0.030000000000000027,1,False,False,"[0, 0]","[0, 0]"
365,interact,interact,0.0,0.0,-0.030000000000000027,0.0,0.0,-0.030000000000000027,-0.030000000000000027,1,False,False,"[0, 0]","[0, 0]"
366,interact,interact,0.0,0.0,-0.030000000000000027,0.0,0.0,-0.030000000000000027,-0.030000000000000027,1,False,False,"[0, 0]","[0, 0]"
367,interact,interact,0.0,0.0,-0.030000000000000027,0.0,0.0,-0.030000000000000027,-0.030000000000000027,1,False,False,"[0, 0]","[0, 0]"
368,interact,interact,0.0,0.0,-0.030000000000000027,0.0,0.0,-0.030000000000000027,-0.030000000000000027,1,False,False,"[0, 0]","[0, 0]"
369,interact,interact,0.0,0.0,-0.030000000000000027,0.0,0.0,-0.030000000000000027,-0.030000000000000027,1,False,False,"[0, 0]","[0, 0]"
370,interact,interact,0.0,0.0,-0.030000000000000027,0.0,0.0,-0.030000000000000027,-0.030000000000000027,1,False,False,"[0, 0]","[0, 0]"
371,interact,interact,0.0,0.0,-0.030000000000000027,0.0,0.0,-0.030000000000000027,-0.030000000000000027,1,False,False,"[0, 0]","[0, 0]"
372,interact,interact,0.0,0.0,-0.030000000000000027,0.0,0.0,-0.030000000000000027,-0.030000000000000027,1,False,False,"[0, 0]","[0, 0]"
373,interact,interact,0.0,0.0,-0.030000000000000027,0.0,0.0,-0.030000000000000027,-0.030000000000000027,1,False,False,"[0, 0]","[0, 0]"
374,interact,interact,0.0,0.0,-0.030000000000000027,0.0,0.0,-0.030000000000000027,-0.030000000000000027,1,False,False,"[0, 0]","[0, 0]"
375,interact,interact,0.0,0.0,-0.030000000000000027,0.0,0.0,-0.030000000000000027,-0.030000000000000027,1,False,False,"[0, 0]","[0, 0]"
376,interact,interact,0.0,0.0,-0.030000000000000027,0.0,0.0,-0.030000000000000027,-0.030000000000000027,1,False,False,"[0, 0]","[0, 0]"
377,interact,interact,0.0,0.0,-0.030000000000000027,0.0,0.0,-0.030000000000000027,-0.030000000000000027,1,False,False,"[0, 0]","[0, 0]"
378,interact,interact,0.0,0.0,-0.030000000000000027,0.0,0.0,-0.030000000000000027,-0.030000000000000027,1,False,False,"[0, 0]","[0, 0]"
379,interact,interact,0.0,0.0,-0.030000000000000027,0.0,0.0,-0.030000000000000027,-0.030000000000000027,1,False,False,"[0, 0]","[0, 0]"
380,interact,interact,0.0,0.0,-0.030000000000000027,0.0,0.0,-0.030000000000000027,-0.030000000000000027,1,False,False,"[0, 0]","[0, 0]"
381,interact,interact,0.0,0.0,-0.030000000000000027,0.0,0.0,-0.030000000000000027,-0.030000000000000027,1,False,False,"[0, 0]","[0, 0]"
382,interact,interact,0.0,0.0,-0.030000000000000027,0.0,0.0,-0.030000000000000027,-0.030000000000000027,1,False,False,"[0, 0]","[0, 0]"
383,interact,interact,0.0,0.0,-0.030000000000000027,0.0,0.0,-0.030000000000000027,-0.030000000000000027,1,False,False,"[0, 0]","[0, 0]"
384,interact,interact,0.0,0.0,-0.030000000000000027,0.0,0.0,-0.030000000000000027,-0.030000000000000027,1,False,False,"[0, 0]","[0, 0]"
385,interact,interact,0.0,0.0,-0.030000000000000027,0.0,0.0,-0.030000000000000027,-0.030000000000000027,1,False,False,"[0, 0]","[0, 0]"
386,interact,interact,0.0,0.0,-0.030000000000000027,0.0,0.0,-0.030000000000000027,-0.030000000000000027,1,False,False,"[0, 0]","[0, 0]"
387,interact,interact,0.0,0.0,-0.030000000000000027,0.0,0.0,-0.030000000000000027,-0.030000000000000027,1,False,False,"[0, 0]","[0, 0]"
388,interact,interact,0.0,0.0,-0.030000000000000027,0.0,0.0,-0.030000000000000027,-0.030000000000000027,1,False,False,"[0, 0]","[0, 0]"
389,interact,interact,0.0,0.0,-0.030000000000000027,0.0,0.0,-0.030000000000000027,-0.030000000000000027,1,False,False,"[0, 0]","[0, 0]"
390,interact,interact,0.0,0.0,-0.030000000000000027,0.0,0.0,-0.030000000000000027,-0.030000000000000027,1,False,False,"[0, 0]","[0, 0]"
391,interact,interact,0.0,0.0,-0.030000000000000027,0.0,0.0,-0.030000000000000027,-0.030000000000000027,1,False,False,"[0, 0]","[0, 0]"
392,interact,interact,0.0,0.0,-0.030000000000000027,0.0,0.0,-0.030000000000000027,-0.030000000000000027,1,False,False,"[0, 0]","[0, 0]"
393,interact,interact,0.0,0.0,-0.030000000000000027,0.0,0.0,-0.030000000000000027,-0.030000000000000027,1,False,False,"[0, 0]","[0, 0]"
394,interact,interact,0.0,0.0,-0.030000000000000027,0.0,0.0,-0.030000000000000027,-0.030000000000000027,1,False,False,"[0, 0]","[0, 0]"
395,interact,interact,0.0,0.0,-0.030000000000000027,0.0,0.0,-0.030000000000000027,-0.030000000000000027,1,False,False,"[0, 0]","[0, 0]"
396,interact,interact,0.0,0.0,-0.030000000000000027,0.0,0.0,-0.030000000000000027,-0.030000000000000027,1,False,False,"[0, 0]","[0, 0]"
397,interact,interact,0.0,0.0,-0.030000000000000027,0.0,0.0,-0.030000000000000027,-0.030000000000000027,1,False,False,"[0, 0]","[0, 0]"
398,interact,interact,0.0,0.0,-0.030000000000000027,0.0,0.0,-0.030000000000000027,-0.030000000000000027,1,False,False,"[0, 0]","[0, 0]"
399,interact,interact,0.0,0.0,-0.030000000000000027,0.0,0.0,-0.030000000000000027,-0.030000000000000027,1,False,False,"[0, 0]","[0, 0]"
400,interact,interact,0.0,0.0,-0.030000000000000027,0.0,0.0,-0.030000000000000027,-0.030000000000000027,1,False,False,"[0, 0]","[0, 0]"
