step,ego_action_idx,ego_action,p0_pos,p0_orient,p0_held,p1_pos,p1_orient,p1_held,objects_before,pots_before,cum_sparse_before,cum_shaped_before,partner_action_idx,partner_action,reward,sparse_reward,built_in_shaped_reward,custom_shaped_reward,cum_sparse_after,cum_shaped_after,delivery_event,p0_pos_after,p0_held_after,p1_pos_after,p1_held_after,objects_after,pots_after
0,1,"(0, 1)","(3, 3)","(0, -1)",,"(3, 1)","(0, -1)",,,"(3, 0):empty;(4, 0):empty",0.0,0.0,1,"(0, 1)",0.0,0.0,0.0,0.0,0.0,0.0,False,"(3, 3)",,"(3, 1)",,,"(3, 0):empty;(4, 0):empty"
1,5,interact,"(3, 3)","(0, 1)",,"(3, 1)","(0, 1)",,,"(3, 0):empty;(4, 0):empty",0.0,0.0,3,"(-1, 0)",0.0,0.0,0.0,0.0,0.0,0.0,False,"(3, 3)",onion,"(2, 1)",,,"(3, 0):empty;(4, 0):empty"
2,2,"(1, 0)","(3, 3)","(0, 1)",onion,"(2, 1)","(-1, 0)",,,"(3, 0):empty;(4, 0):empty",0.0,0.0,0,"(0, -1)",0.0,0.0,0.0,0.0,0.0,0.0,False,"(4, 3)",onion,"(2, 1)",,,"(3, 0):empty;(4, 0):empty"
3,1,"(0, 1)","(4, 3)","(1, 0)",onion,"(2, 1)","(0, -1)",,,"(3, 0):empty;(4, 0):empty",0.0,0.0,3,"(-1, 0)",0.0,0.0,0.0,0.0,0.0,0.0,False,"(4, 3)",onion,"(1, 1)",,,"(3, 0):empty;(4, 0):empty"
4,2,"(1, 0)","(4, 3)","(0, 1)",onion,"(1, 1)","(-1, 0)",,,"(3, 0):empty;(4, 0):empty",0.0,0.0,0,"(0, -1)",0.0,0.0,0.0,0.0,0.0,0.0,False,"(5, 3)",onion,"(1, 1)",,,"(3, 0):empty;(4, 0):empty"
5,1,"(0, 1)","(5, 3)","(1, 0)",onion,"(1, 1)","(0, -1)",,,"(3, 0):empty;(4, 0):empty",0.0,0.0,3,"(-1, 0)",0.0,0.0,0.0,0.0,0.0,0.0,False,"(5, 3)",onion,"(1, 1)",,,"(3, 0):empty;(4, 0):empty"
6,2,"(1, 0)","(5, 3)","(0, 1)",onion,"(1, 1)","(-1, 0)",,,"(3, 0):empty;(4, 0):empty",0.0,0.0,0,"(0, -1)",0.0,0.0,0.0,0.0,0.0,0.0,False,"(6, 3)",onion,"(1, 1)",,,"(3, 0):empty;(4, 0):empty"
7,0,"(0, -1)","(6, 3)","(1, 0)",onion,"(1, 1)","(0, -1)",,,"(3, 0):empty;(4, 0):empty",0.0,0.0,3,"(-1, 0)",0.0,0.0,0.0,0.0,0.0,0.0,False,"(6, 2)",onion,"(1, 1)",,,"(3, 0):empty;(4, 0):empty"
8,2,"(1, 0)","(6, 2)","(0, -1)",onion,"(1, 1)","(-1, 0)",,,"(3, 0):empty;(4, 0):empty",0.0,0.0,4,"(0, 0)",0.0,0.0,0.0,0.0,0.0,0.0,False,"(6, 2)",onion,"(1, 1)",,,"(3, 0):empty;(4, 0):empty"
9,4,"(0, 0)","(6, 2)","(1, 0)",onion,"(1, 1)","(-1, 0)",,,"(3, 0):empty;(4, 0):empty",0.0,0.0,3,"(-1, 0)",0.0,0.0,0.0,0.0,0.0,0.0,False,"(6, 2)",onion,"(1, 1)",,,"(3, 0):empty;(4, 0):empty"
10,4,"(0, 0)","(6, 2)","(1, 0)",onion,"(1, 1)","(-1, 0)",,,"(3, 0):empty;(4, 0):empty",0.0,0.0,3,"(-1, 0)",0.0,0.0,0.0,0.0,0.0,0.0,False,"(6, 2)",onion,"(1, 1)",,,"(3, 0):empty;(4, 0):empty"
11,4,"(0, 0)","(6, 2)","(1, 0)",onion,"(1, 1)","(-1, 0)",,,"(3, 0):empty;(4, 0):empty",0.0,0.0,3,"(-1, 0)",0.0,0.0,0.0,0.0,0.0,0.0,False,"(6, 2)",onion,"(1, 1)",,,"(3, 0):empty;(4, 0):empty"
12,4,"(0, 0)","(6, 2)","(1, 0)",onion,"(1, 1)","(-1, 0)",,,"(3, 0):empty;(4, 0):empty",0.0,0.0,3,"(-1, 0)",0.0,0.0,0.0,0.0,0.0,0.0,False,"(6, 2)",onion,"(1, 1)",,,"(3, 0):empty;(4, 0):empty"
13,4,"(0, 0)","(6, 2)","(1, 0)",onion,"(1, 1)","(-1, 0)",,,"(3, 0):empty;(4, 0):empty",0.0,0.0,3,"(-1, 0)",0.0,0.0,0.0,0.0,0.0,0.0,False,"(6, 2)",onion,"(1, 1)",,,"(3, 0):empty;(4, 0):empty"
14,4,"(0, 0)","(6, 2)","(1, 0)",onion,"(1, 1)","(-1, 0)",,,"(3, 0):empty;(4, 0):empty",0.0,0.0,3,"(-1, 0)",0.0,0.0,0.0,0.0,0.0,0.0,False,"(6, 2)",onion,"(1, 1)",,,"(3, 0):empty;(4, 0):empty"
15,4,"(0, 0)","(6, 2)","(1, 0)",onion,"(1, 1)","(-1, 0)",,,"(3, 0):empty;(4, 0):empty",0.0,0.0,3,"(-1, 0)",0.0,0.0,0.0,0.0,0.0,0.0,False,"(6, 2)",onion,"(1, 1)",,,"(3, 0):empty;(4, 0):empty"
16,4,"(0, 0)","(6, 2)","(1, 0)",onion,"(1, 1)","(-1, 0)",,,"(3, 0):empty;(4, 0):empty",0.0,0.0,3,"(-1, 0)",0.0,0.0,0.0,0.0,0.0,0.0,False,"(6, 2)",onion,"(1, 1)",,,"(3, 0):empty;(4, 0):empty"
17,4,"(0, 0)","(6, 2)","(1, 0)",onion,"(1, 1)","(-1, 0)",,,"(3, 0):empty;(4, 0):empty",0.0,0.0,3,"(-1, 0)",0.0,0.0,0.0,0.0,0.0,0.0,False,"(6, 2)",onion,"(1, 1)",,,"(3, 0):empty;(4, 0):empty"
18,4,"(0, 0)","(6, 2)","(1, 0)",onion,"(1, 1)","(-1, 0)",,,"(3, 0):empty;(4, 0):empty",0.0,0.0,3,"(-1, 0)",0.0,0.0,0.0,0.0,0.0,0.0,False,"(6, 2)",onion,"(1, 1)",,,"(3, 0):empty;(4, 0):empty"
19,4,"(0, 0)","(6, 2)","(1, 0)",onion,"(1, 1)","(-1, 0)",,,"(3, 0):empty;(4, 0):empty",0.0,0.0,3,"(-1, 0)",0.0,0.0,0.0,0.0,0.0,0.0,False,"(6, 2)",onion,"(1, 1)",,,"(3, 0):empty;(4, 0):empty"
20,4,"(0, 0)","(6, 2)","(1, 0)",onion,"(1, 1)","(-1, 0)",,,"(3, 0):empty;(4, 0):empty",0.0,0.0,3,"(-1, 0)",0.0,0.0,0.0,0.0,0.0,0.0,False,"(6, 2)",onion,"(1, 1)",,,"(3, 0):empty;(4, 0):empty"
21,4,"(0, 0)","(6, 2)","(1, 0)",onion,"(1, 1)","(-1, 0)",,,"(3, 0):empty;(4, 0):empty",0.0,0.0,3,"(-1, 0)",0.0,0.0,0.0,0.0,0.0,0.0,False,"(6, 2)",onion,"(1, 1)",,,"(3, 0):empty;(4, 0):empty"
22,4,"(0, 0)","(6, 2)","(1, 0)",onion,"(1, 1)","(-1, 0)",,,"(3, 0):empty;(4, 0):empty",0.0,0.0,3,"(-1, 0)",0.0,0.0,0.0,0.0,0.0,0.0,False,"(6, 2)",onion,"(1, 1)",,,"(3, 0):empty;(4, 0):empty"
23,4,"(0, 0)","(6, 2)","(1, 0)",onion,"(1, 1)","(-1, 0)",,,"(3, 0):empty;(4, 0):empty",0.0,0.0,3,"(-1, 0)",0.0,0.0,0.0,0.0,0.0,0.0,False,"(6, 2)",onion,"(1, 1)",,,"(3, 0):empty;(4, 0):empty"
24,4,"(0, 0)","(6, 2)","(1, 0)",onion,"(1, 1)","(-1, 0)",,,"(3, 0):empty;(4, 0):empty",0.0,0.0,3,"(-1, 0)",0.0,0.0,0.0,0.0,0.0,0.0,False,"(6, 2)",onion,"(1, 1)",,,"(3, 0):empty;(4, 0):empty"
25,4,"(0, 0)","(6, 2)","(1, 0)",onion,"(1, 1)","(-1, 0)",,,"(3, 0):empty;(4, 0):empty",0.0,0.0,3,"(-1, 0)",0.0,0.0,0.0,0.0,0.0,0.0,False,"(6, 2)",onion,"(1, 1)",,,"(3, 0):empty;(4, 0):empty"
26,4,"(0, 0)","(6, 2)","(1, 0)",onion,"(1, 1)","(-1, 0)",,,"(3, 0):empty;(4, 0):empty",0.0,0.0,3,"(-1, 0)",0.0,0.0,0.0,0.0,0.0,0.0,False,"(6, 2)",onion,"(1, 1)",,,"(3, 0):empty;(4, 0):empty"
27,4,"(0, 0)","(6, 2)","(1, 0)",onion,"(1, 1)","(-1, 0)",,,"(3, 0):empty;(4, 0):empty",0.0,0.0,3,"(-1, 0)",0.0,0.0,0.0,0.0,0.0,0.0,False,"(6, 2)",onion,"(1, 1)",,,"(3, 0):empty;(4, 0):empty"
28,4,"(0, 0)","(6, 2)","(1, 0)",onion,"(1, 1)","(-1, 0)",,,"(3, 0):empty;(4, 0):empty",0.0,0.0,3,"(-1, 0)",0.0,0.0,0.0,0.0,0.0,0.0,False,"(6, 2)",onion,"(1, 1)",,,"(3, 0):empty;(4, 0):empty"
29,4,"(0, 0)","(6, 2)","(1, 0)",onion,"(1, 1)","(-1, 0)",,,"(3, 0):empty;(4, 0):empty",0.0,0.0,3,"(-1, 0)",0.0,0.0,0.0,0.0,0.0,0.0,False,"(6, 2)",onion,"(1, 1)",,,"(3, 0):empty;(4, 0):empty"
30,4,"(0, 0)","(6, 2)","(1, 0)",onion,"(1, 1)","(-1, 0)",,,"(3, 0):empty;(4, 0):empty",0.0,0.0,3,"(-1, 0)",0.0,0.0,0.0,0.0,0.0,0.0,False,"(6, 2)",onion,"(1, 1)",,,"(3, 0):empty;(4, 0):empty"
31,4,"(0, 0)","(6, 2)","(1, 0)",onion,"(1, 1)","(-1, 0)",,,"(3, 0):empty;(4, 0):empty",0.0,0.0,3,"(-1, 0)",0.0,0.0,0.0,0.0,0.0,0.0,False,"(6, 2)",onion,"(1, 1)",,,"(3, 0):empty;(4, 0):empty"
32,4,"(0, 0)","(6, 2)","(1, 0)",onion,"(1, 1)","(-1, 0)",,,"(3, 0):empty;(4, 0):empty",0.0,0.0,3,"(-1, 0)",0.0,0.0,0.0,0.0,0.0,0.0,False,"(6, 2)",onion,"(1, 1)",,,"(3, 0):empty;(4, 0):empty"
33,4,"(0, 0)","(6, 2)","(1, 0)",onion,"(1, 1)","(-1, 0)",,,"(3, 0):empty;(4, 0):empty",0.0,0.0,3,"(-1, 0)",0.0,0.0,0.0,0.0,0.0,0.0,False,"(6, 2)",onion,"(1, 1)",,,"(3, 0):empty;(4, 0):empty"
34,4,"(0, 0)","(6, 2)","(1, 0)",onion,"(1, 1)","(-1, 0)",,,"(3, 0):empty;(4, 0):empty",0.0,0.0,3,"(-1, 0)",0.0,0.0,0.0,0.0,0.0,0.0,False,"(6, 2)",onion,"(1, 1)",,,"(3, 0):empty;(4, 0):empty"
35,4,"(0, 0)","(6, 2)","(1, 0)",onion,"(1, 1)","(-1, 0)",,,"(3, 0):empty;(4, 0):empty",0.0,0.0,3,"(-1, 0)",0.0,0.0,0.0,0.0,0.0,0.0,False,"(6, 2)",onion,"(1, 1)",,,"(3, 0):empty;(4, 0):empty"
36,4,"(0, 0)","(6, 2)","(1, 0)",onion,"(1, 1)","(-1, 0)",,,"(3, 0):empty;(4, 0):empty",0.0,0.0,3,"(-1, 0)",0.0,0.0,0.0,0.0,0.0,0.0,False,"(6, 2)",onion,"(1, 1)",,,"(3, 0):empty;(4, 0):empty"
37,4,"(0, 0)","(6, 2)","(1, 0)",onion,"(1, 1)","(-1, 0)",,,"(3, 0):empty;(4, 0):empty",0.0,0.0,3,"(-1, 0)",0.0,0.0,0.0,0.0,0.0,0.0,False,"(6, 2)",onion,"(1, 1)",,,"(3, 0):empty;(4, 0):empty"
38,4,"(0, 0)","(6, 2)","(1, 0)",onion,"(1, 1)","(-1, 0)",,,"(3, 0):empty;(4, 0):empty",0.0,0.0,3,"(-1, 0)",0.0,0.0,0.0,0.0,0.0,0.0,False,"(6, 2)",onion,"(1, 1)",,,"(3, 0):empty;(4, 0):empty"
39,4,"(0, 0)","(6, 2)","(1, 0)",onion,"(1, 1)","(-1, 0)",,,"(3, 0):empty;(4, 0):empty",0.0,0.0,3,"(-1, 0)",0.0,0.0,0.0,0.0,0.0,0.0,False,"(6, 2)",onion,"(1, 1)",,,"(3, 0):empty;(4, 0):empty"
40,4,"(0, 0)","(6, 2)","(1, 0)",onion,"(1, 1)","(-1, 0)",,,"(3, 0):empty;(4, 0):empty",0.0,0.0,3,"(-1, 0)",0.0,0.0,0.0,0.0,0.0,0.0,False,"(6, 2)",onion,"(1, 1)",,,"(3, 0):empty;(4, 0):empty"
41,4,"(0, 0)","(6, 2)","(1, 0)",onion,"(1, 1)","(-1, 0)",,,"(3, 0):empty;(4, 0):empty",0.0,0.0,3,"(-1, 0)",0.0,0.0,0.0,0.0,0.0,0.0,False,"(6, 2)",onion,"(1, 1)",,,"(3, 0):empty;(4, 0):empty"
42,4,"(0, 0)","(6, 2)","(1, 0)",onion,"(1, 1)","(-1, 0)",,,"(3, 0):empty;(4, 0):empty",0.0,0.0,3,"(-1, 0)",0.0,0.0,0.0,0.0,0.0,0.0,False,"(6, 2)",onion,"(1, 1)",,,"(3, 0):empty;(4, 0):empty"
43,4,"(0, 0)","(6, 2)","(1, 0)",onion,"(1, 1)","(-1, 0)",,,"(3, 0):empty;(4, 0):empty",0.0,0.0,3,"(-1, 0)",0.0,0.0,0.0,0.0,0.0,0.0,False,"(6, 2)",onion,"(1, 1)",,,"(3, 0):empty;(4, 0):empty"
44,4,"(0, 0)","(6, 2)","(1, 0)",onion,"(1, 1)","(-1, 0)",,,"(3, 0):empty;(4, 0):empty",0.0,0.0,3,"(-1, 0)",0.0,0.0,0.0,0.0,0.0,0.0,False,"(6, 2)",onion,"(1, 1)",,,"(3, 0):empty;(4, 0):empty"
45,4,"(0, 0)","(6, 2)","(1, 0)",onion,"(1, 1)","(-1, 0)",,,"(3, 0):empty;(4, 0):empty",0.0,0.0,3,"(-1, 0)",0.0,0.0,0.0,0.0,0.0,0.0,False,"(6, 2)",onion,"(1, 1)",,,"(3, 0):empty;(4, 0):empty"
46,4,"(0, 0)","(6, 2)","(1, 0)",onion,"(1, 1)","(-1, 0)",,,"(3, 0):empty;(4, 0):empty",0.0,0.0,3,"(-1, 0)",0.0,0.0,0.0,0.0,0.0,0.0,False,"(6, 2)",onion,"(1, 1)",,,"(3, 0):empty;(4, 0):empty"
47,4,"(0, 0)","(6, 2)","(1, 0)",onion,"(1, 1)","(-1, 0)",,,"(3, 0):empty;(4, 0):empty",0.0,0.0,3,"(-1, 0)",0.0,0.0,0.0,0.0,0.0,0.0,False,"(6, 2)",onion,"(1, 1)",,,"(3, 0):empty;(4, 0):empty"
48,4,"(0, 0)","(6, 2)","(1, 0)",onion,"(1, 1)","(-1, 0)",,,"(3, 0):empty;(4, 0):empty",0.0,0.0,3,"(-1, 0)",0.0,0.0,0.0,0.0,0.0,0.0,False,"(6, 2)",onion,"(1, 1)",,,"(3, 0):empty;(4, 0):empty"
49,4,"(0, 0)","(6, 2)","(1, 0)",onion,"(1, 1)","(-1, 0)",,,"(3, 0):empty;(4, 0):empty",0.0,0.0,3,"(-1, 0)",0.0,0.0,0.0,0.0,0.0,0.0,False,"(6, 2)",onion,"(1, 1)",,,"(3, 0):empty;(4, 0):empty"
50,4,"(0, 0)","(6, 2)","(1, 0)",onion,"(1, 1)","(-1, 0)",,,"(3, 0):empty;(4, 0):empty",0.0,0.0,3,"(-1, 0)",0.0,0.0,0.0,0.0,0.0,0.0,False,"(6, 2)",onion,"(1, 1)",,,"(3, 0):empty;(4, 0):empty"
51,4,"(0, 0)","(6, 2)","(1, 0)",onion,"(1, 1)","(-1, 0)",,,"(3, 0):empty;(4, 0):empty",0.0,0.0,3,"(-1, 0)",0.0,0.0,0.0,0.0,0.0,0.0,False,"(6, 2)",onion,"(1, 1)",,,"(3, 0):empty;(4, 0):empty"
52,4,"(0, 0)","(6, 2)","(1, 0)",onion,"(1, 1)","(-1, 0)",,,"(3, 0):empty;(4, 0):empty",0.0,0.0,3,"(-1, 0)",0.0,0.0,0.0,0.0,0.0,0.0,False,"(6, 2)",onion,"(1, 1)",,,"(3, 0):empty;(4, 0):empty"
53,4,"(0, 0)","(6, 2)","(1, 0)",onion,"(1, 1)","(-1, 0)",,,"(3, 0):empty;(4, 0):empty",0.0,0.0,3,"(-1, 0)",0.0,0.0,0.0,0.0,0.0,0.0,False,"(6, 2)",onion,"(1, 1)",,,"(3, 0):empty;(4, 0):empty"
54,4,"(0, 0)","(6, 2)","(1, 0)",onion,"(1, 1)","(-1, 0)",,,"(3, 0):empty;(4, 0):empty",0.0,0.0,3,"(-1, 0)",0.0,0.0,0.0,0.0,0.0,0.0,False,"(6, 2)",onion,"(1, 1)",,,"(3, 0):empty;(4, 0):empty"
55,4,"(0, 0)","(6, 2)","(1, 0)",onion,"(1, 1)","(-1, 0)",,,"(3, 0):empty;(4, 0):empty",0.0,0.0,3,"(-1, 0)",0.0,0.0,0.0,0.0,0.0,0.0,False,"(6, 2)",onion,"(1, 1)",,,"(3, 0):empty;(4, 0):empty"
56,4,"(0, 0)","(6, 2)","(1, 0)",onion,"(1, 1)","(-1, 0)",,,"(3, 0):empty;(4, 0):empty",0.0,0.0,3,"(-1, 0)",0.0,0.0,0.0,0.0,0.0,0.0,False,"(6, 2)",onion,"(1, 1)",,,"(3, 0):empty;(4, 0):empty"
57,4,"(0, 0)","(6, 2)","(1, 0)",onion,"(1, 1)","(-1, 0)",,,"(3, 0):empty;(4, 0):empty",0.0,0.0,3,"(-1, 0)",0.0,0.0,0.0,0.0,0.0,0.0,False,"(6, 2)",onion,"(1, 1)",,,"(3, 0):empty;(4, 0):empty"
58,4,"(0, 0)","(6, 2)","(1, 0)",onion,"(1, 1)","(-1, 0)",,,"(3, 0):empty;(4, 0):empty",0.0,0.0,3,"(-1, 0)",0.0,0.0,0.0,0.0,0.0,0.0,False,"(6, 2)",onion,"(1, 1)",,,"(3, 0):empty;(4, 0):empty"
59,4,"(0, 0)","(6, 2)","(1, 0)",onion,"(1, 1)","(-1, 0)",,,"(3, 0):empty;(4, 0):empty",0.0,0.0,3,"(-1, 0)",0.0,0.0,0.0,0.0,0.0,0.0,False,"(6, 2)",onion,"(1, 1)",,,"(3, 0):empty;(4, 0):empty"
60,4,"(0, 0)","(6, 2)","(1, 0)",onion,"(1, 1)","(-1, 0)",,,"(3, 0):empty;(4, 0):empty",0.0,0.0,3,"(-1, 0)",0.0,0.0,0.0,0.0,0.0,0.0,False,"(6, 2)",onion,"(1, 1)",,,"(3, 0):empty;(4, 0):empty"
61,4,"(0, 0)","(6, 2)","(1, 0)",onion,"(1, 1)","(-1, 0)",,,"(3, 0):empty;(4, 0):empty",0.0,0.0,3,"(-1, 0)",0.0,0.0,0.0,0.0,0.0,0.0,False,"(6, 2)",onion,"(1, 1)",,,"(3, 0):empty;(4, 0):empty"
62,4,"(0, 0)","(6, 2)","(1, 0)",onion,"(1, 1)","(-1, 0)",,,"(3, 0):empty;(4, 0):empty",0.0,0.0,3,"(-1, 0)",0.0,0.0,0.0,0.0,0.0,0.0,False,"(6, 2)",onion,"(1, 1)",,,"(3, 0):empty;(4, 0):empty"
63,4,"(0, 0)","(6, 2)","(1, 0)",onion,"(1, 1)","(-1, 0)",,,"(3, 0):empty;(4, 0):empty",0.0,0.0,3,"(-1, 0)",0.0,0.0,0.0,0.0,0.0,0.0,False,"(6, 2)",onion,"(1, 1)",,,"(3, 0):empty;(4, 0):empty"
64,4,"(0, 0)","(6, 2)","(1, 0)",onion,"(1, 1)","(-1, 0)",,,"(3, 0):empty;(4, 0):empty",0.0,0.0,3,"(-1, 0)",0.0,0.0,0.0,0.0,0.0,0.0,False,"(6, 2)",onion,"(1, 1)",,,"(3, 0):empty;(4, 0):empty"
65,4,"(0, 0)","(6, 2)","(1, 0)",onion,"(1, 1)","(-1, 0)",,,"(3, 0):empty;(4, 0):empty",0.0,0.0,3,"(-1, 0)",0.0,0.0,0.0,0.0,0.0,0.0,False,"(6, 2)",onion,"(1, 1)",,,"(3, 0):empty;(4, 0):empty"
66,4,"(0, 0)","(6, 2)","(1, 0)",onion,"(1, 1)","(-1, 0)",,,"(3, 0):empty;(4, 0):empty",0.0,0.0,3,"(-1, 0)",0.0,0.0,0.0,0.0,0.0,0.0,False,"(6, 2)",onion,"(1, 1)",,,"(3, 0):empty;(4, 0):empty"
67,4,"(0, 0)","(6, 2)","(1, 0)",onion,"(1, 1)","(-1, 0)",,,"(3, 0):empty;(4, 0):empty",0.0,0.0,3,"(-1, 0)",0.0,0.0,0.0,0.0,0.0,0.0,False,"(6, 2)",onion,"(1, 1)",,,"(3, 0):empty;(4, 0):empty"
68,4,"(0, 0)","(6, 2)","(1, 0)",onion,"(1, 1)","(-1, 0)",,,"(3, 0):empty;(4, 0):empty",0.0,0.0,3,"(-1, 0)",0.0,0.0,0.0,0.0,0.0,0.0,False,"(6, 2)",onion,"(1, 1)",,,"(3, 0):empty;(4, 0):empty"
69,4,"(0, 0)","(6, 2)","(1, 0)",onion,"(1, 1)","(-1, 0)",,,"(3, 0):empty;(4, 0):empty",0.0,0.0,3,"(-1, 0)",0.0,0.0,0.0,0.0,0.0,0.0,False,"(6, 2)",onion,"(1, 1)",,,"(3, 0):empty;(4, 0):empty"
70,4,"(0, 0)","(6, 2)","(1, 0)",onion,"(1, 1)","(-1, 0)",,,"(3, 0):empty;(4, 0):empty",0.0,0.0,3,"(-1, 0)",0.0,0.0,0.0,0.0,0.0,0.0,False,"(6, 2)",onion,"(1, 1)",,,"(3, 0):empty;(4, 0):empty"
71,4,"(0, 0)","(6, 2)","(1, 0)",onion,"(1, 1)","(-1, 0)",,,"(3, 0):empty;(4, 0):empty",0.0,0.0,3,"(-1, 0)",0.0,0.0,0.0,0.0,0.0,0.0,False,"(6, 2)",onion,"(1, 1)",,,"(3, 0):empty;(4, 0):empty"
72,4,"(0, 0)","(6, 2)","(1, 0)",onion,"(1, 1)","(-1, 0)",,,"(3, 0):empty;(4, 0):empty",0.0,0.0,3,"(-1, 0)",0.0,0.0,0.0,0.0,0.0,0.0,False,"(6, 2)",onion,"(1, 1)",,,"(3, 0):empty;(4, 0):empty"
73,4,"(0, 0)","(6, 2)","(1, 0)",onion,"(1, 1)","(-1, 0)",,,"(3, 0):empty;(4, 0):empty",0.0,0.0,3,"(-1, 0)",0.0,0.0,0.0,0.0,0.0,0.0,False,"(6, 2)",onion,"(1, 1)",,,"(3, 0):empty;(4, 0):empty"
74,4,"(0, 0)","(6, 2)","(1, 0)",onion,"(1, 1)","(-1, 0)",,,"(3, 0):empty;(4, 0):empty",0.0,0.0,3,"(-1, 0)",0.0,0.0,0.0,0.0,0.0,0.0,False,"(6, 2)",onion,"(1, 1)",,,"(3, 0):empty;(4, 0):empty"
75,4,"(0, 0)","(6, 2)","(1, 0)",onion,"(1, 1)","(-1, 0)",,,"(3, 0):empty;(4, 0):empty",0.0,0.0,3,"(-1, 0)",0.0,0.0,0.0,0.0,0.0,0.0,False,"(6, 2)",onion,"(1, 1)",,,"(3, 0):empty;(4, 0):empty"
76,4,"(0, 0)","(6, 2)","(1, 0)",onion,"(1, 1)","(-1, 0)",,,"(3, 0):empty;(4, 0):empty",0.0,0.0,3,"(-1, 0)",0.0,0.0,0.0,0.0,0.0,0.0,False,"(6, 2)",onion,"(1, 1)",,,"(3, 0):empty;(4, 0):empty"
77,4,"(0, 0)","(6, 2)","(1, 0)",onion,"(1, 1)","(-1, 0)",,,"(3, 0):empty;(4, 0):empty",0.0,0.0,3,"(-1, 0)",0.0,0.0,0.0,0.0,0.0,0.0,False,"(6, 2)",onion,"(1, 1)",,,"(3, 0):empty;(4, 0):empty"
78,4,"(0, 0)","(6, 2)","(1, 0)",onion,"(1, 1)","(-1, 0)",,,"(3, 0):empty;(4, 0):empty",0.0,0.0,3,"(-1, 0)",0.0,0.0,0.0,0.0,0.0,0.0,False,"(6, 2)",onion,"(1, 1)",,,"(3, 0):empty;(4, 0):empty"
79,4,"(0, 0)","(6, 2)","(1, 0)",onion,"(1, 1)","(-1, 0)",,,"(3, 0):empty;(4, 0):empty",0.0,0.0,3,"(-1, 0)",0.0,0.0,0.0,0.0,0.0,0.0,False,"(6, 2)",onion,"(1, 1)",,,"(3, 0):empty;(4, 0):empty"
80,4,"(0, 0)","(6, 2)","(1, 0)",onion,"(1, 1)","(-1, 0)",,,"(3, 0):empty;(4, 0):empty",0.0,0.0,3,"(-1, 0)",0.0,0.0,0.0,0.0,0.0,0.0,False,"(6, 2)",onion,"(1, 1)",,,"(3, 0):empty;(4, 0):empty"
81,4,"(0, 0)","(6, 2)","(1, 0)",onion,"(1, 1)","(-1, 0)",,,"(3, 0):empty;(4, 0):empty",0.0,0.0,3,"(-1, 0)",0.0,0.0,0.0,0.0,0.0,0.0,False,"(6, 2)",onion,"(1, 1)",,,"(3, 0):empty;(4, 0):empty"
82,4,"(0, 0)","(6, 2)","(1, 0)",onion,"(1, 1)","(-1, 0)",,,"(3, 0):empty;(4, 0):empty",0.0,0.0,3,"(-1, 0)",0.0,0.0,0.0,0.0,0.0,0.0,False,"(6, 2)",onion,"(1, 1)",,,"(3, 0):empty;(4, 0):empty"
83,4,"(0, 0)","(6, 2)","(1, 0)",onion,"(1, 1)","(-1, 0)",,,"(3, 0):empty;(4, 0):empty",0.0,0.0,3,"(-1, 0)",0.0,0.0,0.0,0.0,0.0,0.0,False,"(6, 2)",onion,"(1, 1)",,,"(3, 0):empty;(4, 0):empty"
84,4,"(0, 0)","(6, 2)","(1, 0)",onion,"(1, 1)","(-1, 0)",,,"(3, 0):empty;(4, 0):empty",0.0,0.0,3,"(-1, 0)",0.0,0.0,0.0,0.0,0.0,0.0,False,"(6, 2)",onion,"(1, 1)",,,"(3, 0):empty;(4, 0):empty"
85,4,"(0, 0)","(6, 2)","(1, 0)",onion,"(1, 1)","(-1, 0)",,,"(3, 0):empty;(4, 0):empty",0.0,0.0,3,"(-1, 0)",0.0,0.0,0.0,0.0,0.0,0.0,False,"(6, 2)",onion,"(1, 1)",,,"(3, 0):empty;(4, 0):empty"
86,4,"(0, 0)","(6, 2)","(1, 0)",onion,"(1, 1)","(-1, 0)",,,"(3, 0):empty;(4, 0):empty",0.0,0.0,3,"(-1, 0)",0.0,0.0,0.0,0.0,0.0,0.0,False,"(6, 2)",onion,"(1, 1)",,,"(3, 0):empty;(4, 0):empty"
87,4,"(0, 0)","(6, 2)","(1, 0)",onion,"(1, 1)","(-1, 0)",,,"(3, 0):empty;(4, 0):empty",0.0,0.0,3,"(-1, 0)",0.0,0.0,0.0,0.0,0.0,0.0,False,"(6, 2)",onion,"(1, 1)",,,"(3, 0):empty;(4, 0):empty"
88,4,"(0, 0)","(6, 2)","(1, 0)",onion,"(1, 1)","(-1, 0)",,,"(3, 0):empty;(4, 0):empty",0.0,0.0,3,"(-1, 0)",0.0,0.0,0.0,0.0,0.0,0.0,False,"(6, 2)",onion,"(1, 1)",,,"(3, 0):empty;(4, 0):empty"
89,4,"(0, 0)","(6, 2)","(1, 0)",onion,"(1, 1)","(-1, 0)",,,"(3, 0):empty;(4, 0):empty",0.0,0.0,3,"(-1, 0)",0.0,0.0,0.0,0.0,0.0,0.0,False,"(6, 2)",onion,"(1, 1)",,,"(3, 0):empty;(4, 0):empty"
90,4,"(0, 0)","(6, 2)","(1, 0)",onion,"(1, 1)","(-1, 0)",,,"(3, 0):empty;(4, 0):empty",0.0,0.0,3,"(-1, 0)",0.0,0.0,0.0,0.0,0.0,0.0,False,"(6, 2)",onion,"(1, 1)",,,"(3, 0):empty;(4, 0):empty"
91,4,"(0, 0)","(6, 2)","(1, 0)",onion,"(1, 1)","(-1, 0)",,,"(3, 0):empty;(4, 0):empty",0.0,0.0,3,"(-1, 0)",0.0,0.0,0.0,0.0,0.0,0.0,False,"(6, 2)",onion,"(1, 1)",,,"(3, 0):empty;(4, 0):empty"
92,4,"(0, 0)","(6, 2)","(1, 0)",onion,"(1, 1)","(-1, 0)",,,"(3, 0):empty;(4, 0):empty",0.0,0.0,3,"(-1, 0)",0.0,0.0,0.0,0.0,0.0,0.0,False,"(6, 2)",onion,"(1, 1)",,,"(3, 0):empty;(4, 0):empty"
93,4,"(0, 0)","(6, 2)","(1, 0)",onion,"(1, 1)","(-1, 0)",,,"(3, 0):empty;(4, 0):empty",0.0,0.0,3,"(-1, 0)",0.0,0.0,0.0,0.0,0.0,0.0,False,"(6, 2)",onion,"(1, 1)",,,"(3, 0):empty;(4, 0):empty"
94,4,"(0, 0)","(6, 2)","(1, 0)",onion,"(1, 1)","(-1, 0)",,,"(3, 0):empty;(4, 0):empty",0.0,0.0,3,"(-1, 0)",0.0,0.0,0.0,0.0,0.0,0.0,False,"(6, 2)",onion,"(1, 1)",,,"(3, 0):empty;(4, 0):empty"
95,4,"(0, 0)","(6, 2)","(1, 0)",onion,"(1, 1)","(-1, 0)",,,"(3, 0):empty;(4, 0):empty",0.0,0.0,3,"(-1, 0)",0.0,0.0,0.0,0.0,0.0,0.0,False,"(6, 2)",onion,"(1, 1)",,,"(3, 0):empty;(4, 0):empty"
96,4,"(0, 0)","(6, 2)","(1, 0)",onion,"(1, 1)","(-1, 0)",,,"(3, 0):empty;(4, 0):empty",0.0,0.0,3,"(-1, 0)",0.0,0.0,0.0,0.0,0.0,0.0,False,"(6, 2)",onion,"(1, 1)",,,"(3, 0):empty;(4, 0):empty"
97,4,"(0, 0)","(6, 2)","(1, 0)",onion,"(1, 1)","(-1, 0)",,,"(3, 0):empty;(4, 0):empty",0.0,0.0,3,"(-1, 0)",0.0,0.0,0.0,0.0,0.0,0.0,False,"(6, 2)",onion,"(1, 1)",,,"(3, 0):empty;(4, 0):empty"
98,4,"(0, 0)","(6, 2)","(1, 0)",onion,"(1, 1)","(-1, 0)",,,"(3, 0):empty;(4, 0):empty",0.0,0.0,3,"(-1, 0)",0.0,0.0,0.0,0.0,0.0,0.0,False,"(6, 2)",onion,"(1, 1)",,,"(3, 0):empty;(4, 0):empty"
99,4,"(0, 0)","(6, 2)","(1, 0)",onion,"(1, 1)","(-1, 0)",,,"(3, 0):empty;(4, 0):empty",0.0,0.0,3,"(-1, 0)",0.0,0.0,0.0,0.0,0.0,0.0,False,"(6, 2)",onion,"(1, 1)",,,"(3, 0):empty;(4, 0):empty"
100,4,"(0, 0)","(6, 2)","(1, 0)",onion,"(1, 1)","(-1, 0)",,,"(3, 0):empty;(4, 0):empty",0.0,0.0,3,"(-1, 0)",0.0,0.0,0.0,0.0,0.0,0.0,False,"(6, 2)",onion,"(1, 1)",,,"(3, 0):empty;(4, 0):empty"
101,4,"(0, 0)","(6, 2)","(1, 0)",onion,"(1, 1)","(-1, 0)",,,"(3, 0):empty;(4, 0):empty",0.0,0.0,3,"(-1, 0)",0.0,0.0,0.0,0.0,0.0,0.0,False,"(6, 2)",onion,"(1, 1)",,,"(3, 0):empty;(4, 0):empty"
102,4,"(0, 0)","(6, 2)","(1, 0)",onion,"(1, 1)","(-1, 0)",,,"(3, 0):empty;(4, 0):empty",0.0,0.0,3,"(-1, 0)",0.0,0.0,0.0,0.0,0.0,0.0,False,"(6, 2)",onion,"(1, 1)",,,"(3, 0):empty;(4, 0):empty"
103,4,"(0, 0)","(6, 2)","(1, 0)",onion,"(1, 1)","(-1, 0)",,,"(3, 0):empty;(4, 0):empty",0.0,0.0,3,"(-1, 0)",0.0,0.0,0.0,0.0,0.0,0.0,False,"(6, 2)",onion,"(1, 1)",,,"(3, 0):empty;(4, 0):empty"
104,4,"(0, 0)","(6, 2)","(1, 0)",onion,"(1, 1)","(-1, 0)",,,"(3, 0):empty;(4, 0):empty",0.0,0.0,3,"(-1, 0)",0.0,0.0,0.0,0.0,0.0,0.0,False,"(6, 2)",onion,"(1, 1)",,,"(3, 0):empty;(4, 0):empty"
105,4,"(0, 0)","(6, 2)","(1, 0)",onion,"(1, 1)","(-1, 0)",,,"(3, 0):empty;(4, 0):empty",0.0,0.0,3,"(-1, 0)",0.0,0.0,0.0,0.0,0.0,0.0,False,"(6, 2)",onion,"(1, 1)",,,"(3, 0):empty;(4, 0):empty"
106,4,"(0, 0)","(6, 2)","(1, 0)",onion,"(1, 1)","(-1, 0)",,,"(3, 0):empty;(4, 0):empty",0.0,0.0,3,"(-1, 0)",0.0,0.0,0.0,0.0,0.0,0.0,False,"(6, 2)",onion,"(1, 1)",,,"(3, 0):empty;(4, 0):empty"
107,4,"(0, 0)","(6, 2)","(1, 0)",onion,"(1, 1)","(-1, 0)",,,"(3, 0):empty;(4, 0):empty",0.0,0.0,3,"(-1, 0)",0.0,0.0,0.0,0.0,0.0,0.0,False,"(6, 2)",onion,"(1, 1)",,,"(3, 0):empty;(4, 0):empty"
108,4,"(0, 0)","(6, 2)","(1, 0)",onion,"(1, 1)","(-1, 0)",,,"(3, 0):empty;(4, 0):empty",0.0,0.0,3,"(-1, 0)",0.0,0.0,0.0,0.0,0.0,0.0,False,"(6, 2)",onion,"(1, 1)",,,"(3, 0):empty;(4, 0):empty"
109,4,"(0, 0)","(6, 2)","(1, 0)",onion,"(1, 1)","(-1, 0)",,,"(3, 0):empty;(4, 0):empty",0.0,0.0,3,"(-1, 0)",0.0,0.0,0.0,0.0,0.0,0.0,False,"(6, 2)",onion,"(1, 1)",,,"(3, 0):empty;(4, 0):empty"
110,4,"(0, 0)","(6, 2)","(1, 0)",onion,"(1, 1)","(-1, 0)",,,"(3, 0):empty;(4, 0):empty",0.0,0.0,3,"(-1, 0)",0.0,0.0,0.0,0.0,0.0,0.0,False,"(6, 2)",onion,"(1, 1)",,,"(3, 0):empty;(4, 0):empty"
111,4,"(0, 0)","(6, 2)","(1, 0)",onion,"(1, 1)","(-1, 0)",,,"(3, 0):empty;(4, 0):empty",0.0,0.0,3,"(-1, 0)",0.0,0.0,0.0,0.0,0.0,0.0,False,"(6, 2)",onion,"(1, 1)",,,"(3, 0):empty;(4, 0):empty"
112,4,"(0, 0)","(6, 2)","(1, 0)",onion,"(1, 1)","(-1, 0)",,,"(3, 0):empty;(4, 0):empty",0.0,0.0,3,"(-1, 0)",0.0,0.0,0.0,0.0,0.0,0.0,False,"(6, 2)",onion,"(1, 1)",,,"(3, 0):empty;(4, 0):empty"
113,4,"(0, 0)","(6, 2)","(1, 0)",onion,"(1, 1)","(-1, 0)",,,"(3, 0):empty;(4, 0):empty",0.0,0.0,3,"(-1, 0)",0.0,0.0,0.0,0.0,0.0,0.0,False,"(6, 2)",onion,"(1, 1)",,,"(3, 0):empty;(4, 0):empty"
114,4,"(0, 0)","(6, 2)","(1, 0)",onion,"(1, 1)","(-1, 0)",,,"(3, 0):empty;(4, 0):empty",0.0,0.0,3,"(-1, 0)",0.0,0.0,0.0,0.0,0.0,0.0,False,"(6, 2)",onion,"(1, 1)",,,"(3, 0):empty;(4, 0):empty"
115,4,"(0, 0)","(6, 2)","(1, 0)",onion,"(1, 1)","(-1, 0)",,,"(3, 0):empty;(4, 0):empty",0.0,0.0,3,"(-1, 0)",0.0,0.0,0.0,0.0,0.0,0.0,False,"(6, 2)",onion,"(1, 1)",,,"(3, 0):empty;(4, 0):empty"
116,4,"(0, 0)","(6, 2)","(1, 0)",onion,"(1, 1)","(-1, 0)",,,"(3, 0):empty;(4, 0):empty",0.0,0.0,3,"(-1, 0)",0.0,0.0,0.0,0.0,0.0,0.0,False,"(6, 2)",onion,"(1, 1)",,,"(3, 0):empty;(4, 0):empty"
117,4,"(0, 0)","(6, 2)","(1, 0)",onion,"(1, 1)","(-1, 0)",,,"(3, 0):empty;(4, 0):empty",0.0,0.0,3,"(-1, 0)",0.0,0.0,0.0,0.0,0.0,0.0,False,"(6, 2)",onion,"(1, 1)",,,"(3, 0):empty;(4, 0):empty"
118,4,"(0, 0)","(6, 2)","(1, 0)",onion,"(1, 1)","(-1, 0)",,,"(3, 0):empty;(4, 0):empty",0.0,0.0,3,"(-1, 0)",0.0,0.0,0.0,0.0,0.0,0.0,False,"(6, 2)",onion,"(1, 1)",,,"(3, 0):empty;(4, 0):empty"
119,4,"(0, 0)","(6, 2)","(1, 0)",onion,"(1, 1)","(-1, 0)",,,"(3, 0):empty;(4, 0):empty",0.0,0.0,3,"(-1, 0)",0.0,0.0,0.0,0.0,0.0,0.0,False,"(6, 2)",onion,"(1, 1)",,,"(3, 0):empty;(4, 0):empty"
120,4,"(0, 0)","(6, 2)","(1, 0)",onion,"(1, 1)","(-1, 0)",,,"(3, 0):empty;(4, 0):empty",0.0,0.0,3,"(-1, 0)",0.0,0.0,0.0,0.0,0.0,0.0,False,"(6, 2)",onion,"(1, 1)",,,"(3, 0):empty;(4, 0):empty"
121,4,"(0, 0)","(6, 2)","(1, 0)",onion,"(1, 1)","(-1, 0)",,,"(3, 0):empty;(4, 0):empty",0.0,0.0,3,"(-1, 0)",0.0,0.0,0.0,0.0,0.0,0.0,False,"(6, 2)",onion,"(1, 1)",,,"(3, 0):empty;(4, 0):empty"
122,4,"(0, 0)","(6, 2)","(1, 0)",onion,"(1, 1)","(-1, 0)",,,"(3, 0):empty;(4, 0):empty",0.0,0.0,3,"(-1, 0)",0.0,0.0,0.0,0.0,0.0,0.0,False,"(6, 2)",onion,"(1, 1)",,,"(3, 0):empty;(4, 0):empty"
123,4,"(0, 0)","(6, 2)","(1, 0)",onion,"(1, 1)","(-1, 0)",,,"(3, 0):empty;(4, 0):empty",0.0,0.0,3,"(-1, 0)",0.0,0.0,0.0,0.0,0.0,0.0,False,"(6, 2)",onion,"(1, 1)",,,"(3, 0):empty;(4, 0):empty"
124,4,"(0, 0)","(6, 2)","(1, 0)",onion,"(1, 1)","(-1, 0)",,,"(3, 0):empty;(4, 0):empty",0.0,0.0,3,"(-1, 0)",0.0,0.0,0.0,0.0,0.0,0.0,False,"(6, 2)",onion,"(1, 1)",,,"(3, 0):empty;(4, 0):empty"
125,4,"(0, 0)","(6, 2)","(1, 0)",onion,"(1, 1)","(-1, 0)",,,"(3, 0):empty;(4, 0):empty",0.0,0.0,3,"(-1, 0)",0.0,0.0,0.0,0.0,0.0,0.0,False,"(6, 2)",onion,"(1, 1)",,,"(3, 0):empty;(4, 0):empty"
126,4,"(0, 0)","(6, 2)","(1, 0)",onion,"(1, 1)","(-1, 0)",,,"(3, 0):empty;(4, 0):empty",0.0,0.0,3,"(-1, 0)",0.0,0.0,0.0,0.0,0.0,0.0,False,"(6, 2)",onion,"(1, 1)",,,"(3, 0):empty;(4, 0):empty"
127,4,"(0, 0)","(6, 2)","(1, 0)",onion,"(1, 1)","(-1, 0)",,,"(3, 0):empty;(4, 0):empty",0.0,0.0,3,"(-1, 0)",0.0,0.0,0.0,0.0,0.0,0.0,False,"(6, 2)",onion,"(1, 1)",,,"(3, 0):empty;(4, 0):empty"
128,4,"(0, 0)","(6, 2)","(1, 0)",onion,"(1, 1)","(-1, 0)",,,"(3, 0):empty;(4, 0):empty",0.0,0.0,3,"(-1, 0)",0.0,0.0,0.0,0.0,0.0,0.0,False,"(6, 2)",onion,"(1, 1)",,,"(3, 0):empty;(4, 0):empty"
129,4,"(0, 0)","(6, 2)","(1, 0)",onion,"(1, 1)","(-1, 0)",,,"(3, 0):empty;(4, 0):empty",0.0,0.0,3,"(-1, 0)",0.0,0.0,0.0,0.0,0.0,0.0,False,"(6, 2)",onion,"(1, 1)",,,"(3, 0):empty;(4, 0):empty"
130,4,"(0, 0)","(6, 2)","(1, 0)",onion,"(1, 1)","(-1, 0)",,,"(3, 0):empty;(4, 0):empty",0.0,0.0,3,"(-1, 0)",0.0,0.0,0.0,0.0,0.0,0.0,False,"(6, 2)",onion,"(1, 1)",,,"(3, 0):empty;(4, 0):empty"
131,4,"(0, 0)","(6, 2)","(1, 0)",onion,"(1, 1)","(-1, 0)",,,"(3, 0):empty;(4, 0):empty",0.0,0.0,3,"(-1, 0)",0.0,0.0,0.0,0.0,0.0,0.0,False,"(6, 2)",onion,"(1, 1)",,,"(3, 0):empty;(4, 0):empty"
132,4,"(0, 0)","(6, 2)","(1, 0)",onion,"(1, 1)","(-1, 0)",,,"(3, 0):empty;(4, 0):empty",0.0,0.0,3,"(-1, 0)",0.0,0.0,0.0,0.0,0.0,0.0,False,"(6, 2)",onion,"(1, 1)",,,"(3, 0):empty;(4, 0):empty"
133,4,"(0, 0)","(6, 2)","(1, 0)",onion,"(1, 1)","(-1, 0)",,,"(3, 0):empty;(4, 0):empty",0.0,0.0,3,"(-1, 0)",0.0,0.0,0.0,0.0,0.0,0.0,False,"(6, 2)",onion,"(1, 1)",,,"(3, 0):empty;(4, 0):empty"
134,4,"(0, 0)","(6, 2)","(1, 0)",onion,"(1, 1)","(-1, 0)",,,"(3, 0):empty;(4, 0):empty",0.0,0.0,3,"(-1, 0)",0.0,0.0,0.0,0.0,0.0,0.0,False,"(6, 2)",onion,"(1, 1)",,,"(3, 0):empty;(4, 0):empty"
135,4,"(0, 0)","(6, 2)","(1, 0)",onion,"(1, 1)","(-1, 0)",,,"(3, 0):empty;(4, 0):empty",0.0,0.0,3,"(-1, 0)",0.0,0.0,0.0,0.0,0.0,0.0,False,"(6, 2)",onion,"(1, 1)",,,"(3, 0):empty;(4, 0):empty"
136,4,"(0, 0)","(6, 2)","(1, 0)",onion,"(1, 1)","(-1, 0)",,,"(3, 0):empty;(4, 0):empty",0.0,0.0,3,"(-1, 0)",0.0,0.0,0.0,0.0,0.0,0.0,False,"(6, 2)",onion,"(1, 1)",,,"(3, 0):empty;(4, 0):empty"
137,4,"(0, 0)","(6, 2)","(1, 0)",onion,"(1, 1)","(-1, 0)",,,"(3, 0):empty;(4, 0):empty",0.0,0.0,3,"(-1, 0)",0.0,0.0,0.0,0.0,0.0,0.0,False,"(6, 2)",onion,"(1, 1)",,,"(3, 0):empty;(4, 0):empty"
138,4,"(0, 0)","(6, 2)","(1, 0)",onion,"(1, 1)","(-1, 0)",,,"(3, 0):empty;(4, 0):empty",0.0,0.0,3,"(-1, 0)",0.0,0.0,0.0,0.0,0.0,0.0,False,"(6, 2)",onion,"(1, 1)",,,"(3, 0):empty;(4, 0):empty"
139,4,"(0, 0)","(6, 2)","(1, 0)",onion,"(1, 1)","(-1, 0)",,,"(3, 0):empty;(4, 0):empty",0.0,0.0,3,"(-1, 0)",0.0,0.0,0.0,0.0,0.0,0.0,False,"(6, 2)",onion,"(1, 1)",,,"(3, 0):empty;(4, 0):empty"
140,4,"(0, 0)","(6, 2)","(1, 0)",onion,"(1, 1)","(-1, 0)",,,"(3, 0):empty;(4, 0):empty",0.0,0.0,3,"(-1, 0)",0.0,0.0,0.0,0.0,0.0,0.0,False,"(6, 2)",onion,"(1, 1)",,,"(3, 0):empty;(4, 0):empty"
141,4,"(0, 0)","(6, 2)","(1, 0)",onion,"(1, 1)","(-1, 0)",,,"(3, 0):empty;(4, 0):empty",0.0,0.0,3,"(-1, 0)",0.0,0.0,0.0,0.0,0.0,0.0,False,"(6, 2)",onion,"(1, 1)",,,"(3, 0):empty;(4, 0):empty"
142,4,"(0, 0)","(6, 2)","(1, 0)",onion,"(1, 1)","(-1, 0)",,,"(3, 0):empty;(4, 0):empty",0.0,0.0,3,"(-1, 0)",0.0,0.0,0.0,0.0,0.0,0.0,False,"(6, 2)",onion,"(1, 1)",,,"(3, 0):empty;(4, 0):empty"
143,4,"(0, 0)","(6, 2)","(1, 0)",onion,"(1, 1)","(-1, 0)",,,"(3, 0):empty;(4, 0):empty",0.0,0.0,3,"(-1, 0)",0.0,0.0,0.0,0.0,0.0,0.0,False,"(6, 2)",onion,"(1, 1)",,,"(3, 0):empty;(4, 0):empty"
144,4,"(0, 0)","(6, 2)","(1, 0)",onion,"(1, 1)","(-1, 0)",,,"(3, 0):empty;(4, 0):empty",0.0,0.0,3,"(-1, 0)",0.0,0.0,0.0,0.0,0.0,0.0,False,"(6, 2)",onion,"(1, 1)",,,"(3, 0):empty;(4, 0):empty"
145,4,"(0, 0)","(6, 2)","(1, 0)",onion,"(1, 1)","(-1, 0)",,,"(3, 0):empty;(4, 0):empty",0.0,0.0,3,"(-1, 0)",0.0,0.0,0.0,0.0,0.0,0.0,False,"(6, 2)",onion,"(1, 1)",,,"(3, 0):empty;(4, 0):empty"
146,4,"(0, 0)","(6, 2)","(1, 0)",onion,"(1, 1)","(-1, 0)",,,"(3, 0):empty;(4, 0):empty",0.0,0.0,3,"(-1, 0)",0.0,0.0,0.0,0.0,0.0,0.0,False,"(6, 2)",onion,"(1, 1)",,,"(3, 0):empty;(4, 0):empty"
147,4,"(0, 0)","(6, 2)","(1, 0)",onion,"(1, 1)","(-1, 0)",,,"(3, 0):empty;(4, 0):empty",0.0,0.0,3,"(-1, 0)",0.0,0.0,0.0,0.0,0.0,0.0,False,"(6, 2)",onion,"(1, 1)",,,"(3, 0):empty;(4, 0):empty"
148,4,"(0, 0)","(6, 2)","(1, 0)",onion,"(1, 1)","(-1, 0)",,,"(3, 0):empty;(4, 0):empty",0.0,0.0,3,"(-1, 0)",0.0,0.0,0.0,0.0,0.0,0.0,False,"(6, 2)",onion,"(1, 1)",,,"(3, 0):empty;(4, 0):empty"
149,4,"(0, 0)","(6, 2)","(1, 0)",onion,"(1, 1)","(-1, 0)",,,"(3, 0):empty;(4, 0):empty",0.0,0.0,3,"(-1, 0)",0.0,0.0,0.0,0.0,0.0,0.0,False,"(6, 2)",onion,"(1, 1)",,,"(3, 0):empty;(4, 0):empty"
150,4,"(0, 0)","(6, 2)","(1, 0)",onion,"(1, 1)","(-1, 0)",,,"(3, 0):empty;(4, 0):empty",0.0,0.0,3,"(-1, 0)",0.0,0.0,0.0,0.0,0.0,0.0,False,"(6, 2)",onion,"(1, 1)",,,"(3, 0):empty;(4, 0):empty"
151,4,"(0, 0)","(6, 2)","(1, 0)",onion,"(1, 1)","(-1, 0)",,,"(3, 0):empty;(4, 0):empty",0.0,0.0,3,"(-1, 0)",0.0,0.0,0.0,0.0,0.0,0.0,False,"(6, 2)",onion,"(1, 1)",,,"(3, 0):empty;(4, 0):empty"
152,4,"(0, 0)","(6, 2)","(1, 0)",onion,"(1, 1)","(-1, 0)",,,"(3, 0):empty;(4, 0):empty",0.0,0.0,3,"(-1, 0)",0.0,0.0,0.0,0.0,0.0,0.0,False,"(6, 2)",onion,"(1, 1)",,,"(3, 0):empty;(4, 0):empty"
153,4,"(0, 0)","(6, 2)","(1, 0)",onion,"(1, 1)","(-1, 0)",,,"(3, 0):empty;(4, 0):empty",0.0,0.0,3,"(-1, 0)",0.0,0.0,0.0,0.0,0.0,0.0,False,"(6, 2)",onion,"(1, 1)",,,"(3, 0):empty;(4, 0):empty"
154,4,"(0, 0)","(6, 2)","(1, 0)",onion,"(1, 1)","(-1, 0)",,,"(3, 0):empty;(4, 0):empty",0.0,0.0,3,"(-1, 0)",0.0,0.0,0.0,0.0,0.0,0.0,False,"(6, 2)",onion,"(1, 1)",,,"(3, 0):empty;(4, 0):empty"
155,4,"(0, 0)","(6, 2)","(1, 0)",onion,"(1, 1)","(-1, 0)",,,"(3, 0):empty;(4, 0):empty",0.0,0.0,3,"(-1, 0)",0.0,0.0,0.0,0.0,0.0,0.0,False,"(6, 2)",onion,"(1, 1)",,,"(3, 0):empty;(4, 0):empty"
156,4,"(0, 0)","(6, 2)","(1, 0)",onion,"(1, 1)","(-1, 0)",,,"(3, 0):empty;(4, 0):empty",0.0,0.0,3,"(-1, 0)",0.0,0.0,0.0,0.0,0.0,0.0,False,"(6, 2)",onion,"(1, 1)",,,"(3, 0):empty;(4, 0):empty"
157,4,"(0, 0)","(6, 2)","(1, 0)",onion,"(1, 1)","(-1, 0)",,,"(3, 0):empty;(4, 0):empty",0.0,0.0,3,"(-1, 0)",0.0,0.0,0.0,0.0,0.0,0.0,False,"(6, 2)",onion,"(1, 1)",,,"(3, 0):empty;(4, 0):empty"
158,4,"(0, 0)","(6, 2)","(1, 0)",onion,"(1, 1)","(-1, 0)",,,"(3, 0):empty;(4, 0):empty",0.0,0.0,3,"(-1, 0)",0.0,0.0,0.0,0.0,0.0,0.0,False,"(6, 2)",onion,"(1, 1)",,,"(3, 0):empty;(4, 0):empty"
159,4,"(0, 0)","(6, 2)","(1, 0)",onion,"(1, 1)","(-1, 0)",,,"(3, 0):empty;(4, 0):empty",0.0,0.0,3,"(-1, 0)",0.0,0.0,0.0,0.0,0.0,0.0,False,"(6, 2)",onion,"(1, 1)",,,"(3, 0):empty;(4, 0):empty"
160,4,"(0, 0)","(6, 2)","(1, 0)",onion,"(1, 1)","(-1, 0)",,,"(3, 0):empty;(4, 0):empty",0.0,0.0,3,"(-1, 0)",0.0,0.0,0.0,0.0,0.0,0.0,False,"(6, 2)",onion,"(1, 1)",,,"(3, 0):empty;(4, 0):empty"
161,4,"(0, 0)","(6, 2)","(1, 0)",onion,"(1, 1)","(-1, 0)",,,"(3, 0):empty;(4, 0):empty",0.0,0.0,3,"(-1, 0)",0.0,0.0,0.0,0.0,0.0,0.0,False,"(6, 2)",onion,"(1, 1)",,,"(3, 0):empty;(4, 0):empty"
162,4,"(0, 0)","(6, 2)","(1, 0)",onion,"(1, 1)","(-1, 0)",,,"(3, 0):empty;(4, 0):empty",0.0,0.0,3,"(-1, 0)",0.0,0.0,0.0,0.0,0.0,0.0,False,"(6, 2)",onion,"(1, 1)",,,"(3, 0):empty;(4, 0):empty"
163,4,"(0, 0)","(6, 2)","(1, 0)",onion,"(1, 1)","(-1, 0)",,,"(3, 0):empty;(4, 0):empty",0.0,0.0,3,"(-1, 0)",0.0,0.0,0.0,0.0,0.0,0.0,False,"(6, 2)",onion,"(1, 1)",,,"(3, 0):empty;(4, 0):empty"
164,4,"(0, 0)","(6, 2)","(1, 0)",onion,"(1, 1)","(-1, 0)",,,"(3, 0):empty;(4, 0):empty",0.0,0.0,3,"(-1, 0)",0.0,0.0,0.0,0.0,0.0,0.0,False,"(6, 2)",onion,"(1, 1)",,,"(3, 0):empty;(4, 0):empty"
165,4,"(0, 0)","(6, 2)","(1, 0)",onion,"(1, 1)","(-1, 0)",,,"(3, 0):empty;(4, 0):empty",0.0,0.0,3,"(-1, 0)",0.0,0.0,0.0,0.0,0.0,0.0,False,"(6, 2)",onion,"(1, 1)",,,"(3, 0):empty;(4, 0):empty"
166,4,"(0, 0)","(6, 2)","(1, 0)",onion,"(1, 1)","(-1, 0)",,,"(3, 0):empty;(4, 0):empty",0.0,0.0,3,"(-1, 0)",0.0,0.0,0.0,0.0,0.0,0.0,False,"(6, 2)",onion,"(1, 1)",,,"(3, 0):empty;(4, 0):empty"
167,4,"(0, 0)","(6, 2)","(1, 0)",onion,"(1, 1)","(-1, 0)",,,"(3, 0):empty;(4, 0):empty",0.0,0.0,3,"(-1, 0)",0.0,0.0,0.0,0.0,0.0,0.0,False,"(6, 2)",onion,"(1, 1)",,,"(3, 0):empty;(4, 0):empty"
168,4,"(0, 0)","(6, 2)","(1, 0)",onion,"(1, 1)","(-1, 0)",,,"(3, 0):empty;(4, 0):empty",0.0,0.0,3,"(-1, 0)",0.0,0.0,0.0,0.0,0.0,0.0,False,"(6, 2)",onion,"(1, 1)",,,"(3, 0):empty;(4, 0):empty"
169,4,"(0, 0)","(6, 2)","(1, 0)",onion,"(1, 1)","(-1, 0)",,,"(3, 0):empty;(4, 0):empty",0.0,0.0,3,"(-1, 0)",0.0,0.0,0.0,0.0,0.0,0.0,False,"(6, 2)",onion,"(1, 1)",,,"(3, 0):empty;(4, 0):empty"
170,4,"(0, 0)","(6, 2)","(1, 0)",onion,"(1, 1)","(-1, 0)",,,"(3, 0):empty;(4, 0):empty",0.0,0.0,3,"(-1, 0)",0.0,0.0,0.0,0.0,0.0,0.0,False,"(6, 2)",onion,"(1, 1)",,,"(3, 0):empty;(4, 0):empty"
171,4,"(0, 0)","(6, 2)","(1, 0)",onion,"(1, 1)","(-1, 0)",,,"(3, 0):empty;(4, 0):empty",0.0,0.0,3,"(-1, 0)",0.0,0.0,0.0,0.0,0.0,0.0,False,"(6, 2)",onion,"(1, 1)",,,"(3, 0):empty;(4, 0):empty"
172,4,"(0, 0)","(6, 2)","(1, 0)",onion,"(1, 1)","(-1, 0)",,,"(3, 0):empty;(4, 0):empty",0.0,0.0,3,"(-1, 0)",0.0,0.0,0.0,0.0,0.0,0.0,False,"(6, 2)",onion,"(1, 1)",,,"(3, 0):empty;(4, 0):empty"
173,4,"(0, 0)","(6, 2)","(1, 0)",onion,"(1, 1)","(-1, 0)",,,"(3, 0):empty;(4, 0):empty",0.0,0.0,3,"(-1, 0)",0.0,0.0,0.0,0.0,0.0,0.0,False,"(6, 2)",onion,"(1, 1)",,,"(3, 0):empty;(4, 0):empty"
174,4,"(0, 0)","(6, 2)","(1, 0)",onion,"(1, 1)","(-1, 0)",,,"(3, 0):empty;(4, 0):empty",0.0,0.0,3,"(-1, 0)",0.0,0.0,0.0,0.0,0.0,0.0,False,"(6, 2)",onion,"(1, 1)",,,"(3, 0):empty;(4, 0):empty"
175,4,"(0, 0)","(6, 2)","(1, 0)",onion,"(1, 1)","(-1, 0)",,,"(3, 0):empty;(4, 0):empty",0.0,0.0,3,"(-1, 0)",0.0,0.0,0.0,0.0,0.0,0.0,False,"(6, 2)",onion,"(1, 1)",,,"(3, 0):empty;(4, 0):empty"
176,4,"(0, 0)","(6, 2)","(1, 0)",onion,"(1, 1)","(-1, 0)",,,"(3, 0):empty;(4, 0):empty",0.0,0.0,3,"(-1, 0)",0.0,0.0,0.0,0.0,0.0,0.0,False,"(6, 2)",onion,"(1, 1)",,,"(3, 0):empty;(4, 0):empty"
177,4,"(0, 0)","(6, 2)","(1, 0)",onion,"(1, 1)","(-1, 0)",,,"(3, 0):empty;(4, 0):empty",0.0,0.0,3,"(-1, 0)",0.0,0.0,0.0,0.0,0.0,0.0,False,"(6, 2)",onion,"(1, 1)",,,"(3, 0):empty;(4, 0):empty"
178,4,"(0, 0)","(6, 2)","(1, 0)",onion,"(1, 1)","(-1, 0)",,,"(3, 0):empty;(4, 0):empty",0.0,0.0,3,"(-1, 0)",0.0,0.0,0.0,0.0,0.0,0.0,False,"(6, 2)",onion,"(1, 1)",,,"(3, 0):empty;(4, 0):empty"
179,4,"(0, 0)","(6, 2)","(1, 0)",onion,"(1, 1)","(-1, 0)",,,"(3, 0):empty;(4, 0):empty",0.0,0.0,3,"(-1, 0)",0.0,0.0,0.0,0.0,0.0,0.0,False,"(6, 2)",onion,"(1, 1)",,,"(3, 0):empty;(4, 0):empty"
180,4,"(0, 0)","(6, 2)","(1, 0)",onion,"(1, 1)","(-1, 0)",,,"(3, 0):empty;(4, 0):empty",0.0,0.0,3,"(-1, 0)",0.0,0.0,0.0,0.0,0.0,0.0,False,"(6, 2)",onion,"(1, 1)",,,"(3, 0):empty;(4, 0):empty"
181,4,"(0, 0)","(6, 2)","(1, 0)",onion,"(1, 1)","(-1, 0)",,,"(3, 0):empty;(4, 0):empty",0.0,0.0,3,"(-1, 0)",0.0,0.0,0.0,0.0,0.0,0.0,False,"(6, 2)",onion,"(1, 1)",,,"(3, 0):empty;(4, 0):empty"
182,4,"(0, 0)","(6, 2)","(1, 0)",onion,"(1, 1)","(-1, 0)",,,"(3, 0):empty;(4, 0):empty",0.0,0.0,3,"(-1, 0)",0.0,0.0,0.0,0.0,0.0,0.0,False,"(6, 2)",onion,"(1, 1)",,,"(3, 0):empty;(4, 0):empty"
183,4,"(0, 0)","(6, 2)","(1, 0)",onion,"(1, 1)","(-1, 0)",,,"(3, 0):empty;(4, 0):empty",0.0,0.0,3,"(-1, 0)",0.0,0.0,0.0,0.0,0.0,0.0,False,"(6, 2)",onion,"(1, 1)",,,"(3, 0):empty;(4, 0):empty"
184,4,"(0, 0)","(6, 2)","(1, 0)",onion,"(1, 1)","(-1, 0)",,,"(3, 0):empty;(4, 0):empty",0.0,0.0,3,"(-1, 0)",0.0,0.0,0.0,0.0,0.0,0.0,False,"(6, 2)",onion,"(1, 1)",,,"(3, 0):empty;(4, 0):empty"
185,4,"(0, 0)","(6, 2)","(1, 0)",onion,"(1, 1)","(-1, 0)",,,"(3, 0):empty;(4, 0):empty",0.0,0.0,3,"(-1, 0)",0.0,0.0,0.0,0.0,0.0,0.0,False,"(6, 2)",onion,"(1, 1)",,,"(3, 0):empty;(4, 0):empty"
186,4,"(0, 0)","(6, 2)","(1, 0)",onion,"(1, 1)","(-1, 0)",,,"(3, 0):empty;(4, 0):empty",0.0,0.0,3,"(-1, 0)",0.0,0.0,0.0,0.0,0.0,0.0,False,"(6, 2)",onion,"(1, 1)",,,"(3, 0):empty;(4, 0):empty"
187,4,"(0, 0)","(6, 2)","(1, 0)",onion,"(1, 1)","(-1, 0)",,,"(3, 0):empty;(4, 0):empty",0.0,0.0,3,"(-1, 0)",0.0,0.0,0.0,0.0,0.0,0.0,False,"(6, 2)",onion,"(1, 1)",,,"(3, 0):empty;(4, 0):empty"
188,4,"(0, 0)","(6, 2)","(1, 0)",onion,"(1, 1)","(-1, 0)",,,"(3, 0):empty;(4, 0):empty",0.0,0.0,3,"(-1, 0)",0.0,0.0,0.0,0.0,0.0,0.0,False,"(6, 2)",onion,"(1, 1)",,,"(3, 0):empty;(4, 0):empty"
189,4,"(0, 0)","(6, 2)","(1, 0)",onion,"(1, 1)","(-1, 0)",,,"(3, 0):empty;(4, 0):empty",0.0,0.0,3,"(-1, 0)",0.0,0.0,0.0,0.0,0.0,0.0,False,"(6, 2)",onion,"(1, 1)",,,"(3, 0):empty;(4, 0):empty"
190,4,"(0, 0)","(6, 2)","(1, 0)",onion,"(1, 1)","(-1, 0)",,,"(3, 0):empty;(4, 0):empty",0.0,0.0,3,"(-1, 0)",0.0,0.0,0.0,0.0,0.0,0.0,False,"(6, 2)",onion,"(1, 1)",,,"(3, 0):empty;(4, 0):empty"
191,4,"(0, 0)","(6, 2)","(1, 0)",onion,"(1, 1)","(-1, 0)",,,"(3, 0):empty;(4, 0):empty",0.0,0.0,3,"(-1, 0)",0.0,0.0,0.0,0.0,0.0,0.0,False,"(6, 2)",onion,"(1, 1)",,,"(3, 0):empty;(4, 0):empty"
192,4,"(0, 0)","(6, 2)","(1, 0)",onion,"(1, 1)","(-1, 0)",,,"(3, 0):empty;(4, 0):empty",0.0,0.0,3,"(-1, 0)",0.0,0.0,0.0,0.0,0.0,0.0,False,"(6, 2)",onion,"(1, 1)",,,"(3, 0):empty;(4, 0):empty"
193,4,"(0, 0)","(6, 2)","(1, 0)",onion,"(1, 1)","(-1, 0)",,,"(3, 0):empty;(4, 0):empty",0.0,0.0,3,"(-1, 0)",0.0,0.0,0.0,0.0,0.0,0.0,False,"(6, 2)",onion,"(1, 1)",,,"(3, 0):empty;(4, 0):empty"
194,4,"(0, 0)","(6, 2)","(1, 0)",onion,"(1, 1)","(-1, 0)",,,"(3, 0):empty;(4, 0):empty",0.0,0.0,3,"(-1, 0)",0.0,0.0,0.0,0.0,0.0,0.0,False,"(6, 2)",onion,"(1, 1)",,,"(3, 0):empty;(4, 0):empty"
195,4,"(0, 0)","(6, 2)","(1, 0)",onion,"(1, 1)","(-1, 0)",,,"(3, 0):empty;(4, 0):empty",0.0,0.0,3,"(-1, 0)",0.0,0.0,0.0,0.0,0.0,0.0,False,"(6, 2)",onion,"(1, 1)",,,"(3, 0):empty;(4, 0):empty"
196,4,"(0, 0)","(6, 2)","(1, 0)",onion,"(1, 1)","(-1, 0)",,,"(3, 0):empty;(4, 0):empty",0.0,0.0,3,"(-1, 0)",0.0,0.0,0.0,0.0,0.0,0.0,False,"(6, 2)",onion,"(1, 1)",,,"(3, 0):empty;(4, 0):empty"
197,4,"(0, 0)","(6, 2)","(1, 0)",onion,"(1, 1)","(-1, 0)",,,"(3, 0):empty;(4, 0):empty",0.0,0.0,3,"(-1, 0)",0.0,0.0,0.0,0.0,0.0,0.0,False,"(6, 2)",onion,"(1, 1)",,,"(3, 0):empty;(4, 0):empty"
198,4,"(0, 0)","(6, 2)","(1, 0)",onion,"(1, 1)","(-1, 0)",,,"(3, 0):empty;(4, 0):empty",0.0,0.0,3,"(-1, 0)",0.0,0.0,0.0,0.0,0.0,0.0,False,"(6, 2)",onion,"(1, 1)",,,"(3, 0):empty;(4, 0):empty"
199,4,"(0, 0)","(6, 2)","(1, 0)",onion,"(1, 1)","(-1, 0)",,,"(3, 0):empty;(4, 0):empty",0.0,0.0,3,"(-1, 0)",0.0,0.0,0.0,0.0,0.0,0.0,False,"(6, 2)",onion,"(1, 1)",,,"(3, 0):empty;(4, 0):empty"
200,4,"(0, 0)","(6, 2)","(1, 0)",onion,"(1, 1)","(-1, 0)",,,"(3, 0):empty;(4, 0):empty",0.0,0.0,3,"(-1, 0)",0.0,0.0,0.0,0.0,0.0,0.0,False,"(6, 2)",onion,"(1, 1)",,,"(3, 0):empty;(4, 0):empty"
201,4,"(0, 0)","(6, 2)","(1, 0)",onion,"(1, 1)","(-1, 0)",,,"(3, 0):empty;(4, 0):empty",0.0,0.0,3,"(-1, 0)",0.0,0.0,0.0,0.0,0.0,0.0,False,"(6, 2)",onion,"(1, 1)",,,"(3, 0):empty;(4, 0):empty"
202,4,"(0, 0)","(6, 2)","(1, 0)",onion,"(1, 1)","(-1, 0)",,,"(3, 0):empty;(4, 0):empty",0.0,0.0,3,"(-1, 0)",0.0,0.0,0.0,0.0,0.0,0.0,False,"(6, 2)",onion,"(1, 1)",,,"(3, 0):empty;(4, 0):empty"
203,4,"(0, 0)","(6, 2)","(1, 0)",onion,"(1, 1)","(-1, 0)",,,"(3, 0):empty;(4, 0):empty",0.0,0.0,3,"(-1, 0)",0.0,0.0,0.0,0.0,0.0,0.0,False,"(6, 2)",onion,"(1, 1)",,,"(3, 0):empty;(4, 0):empty"
204,4,"(0, 0)","(6, 2)","(1, 0)",onion,"(1, 1)","(-1, 0)",,,"(3, 0):empty;(4, 0):empty",0.0,0.0,3,"(-1, 0)",0.0,0.0,0.0,0.0,0.0,0.0,False,"(6, 2)",onion,"(1, 1)",,,"(3, 0):empty;(4, 0):empty"
205,4,"(0, 0)","(6, 2)","(1, 0)",onion,"(1, 1)","(-1, 0)",,,"(3, 0):empty;(4, 0):empty",0.0,0.0,3,"(-1, 0)",0.0,0.0,0.0,0.0,0.0,0.0,False,"(6, 2)",onion,"(1, 1)",,,"(3, 0):empty;(4, 0):empty"
206,4,"(0, 0)","(6, 2)","(1, 0)",onion,"(1, 1)","(-1, 0)",,,"(3, 0):empty;(4, 0):empty",0.0,0.0,3,"(-1, 0)",0.0,0.0,0.0,0.0,0.0,0.0,False,"(6, 2)",onion,"(1, 1)",,,"(3, 0):empty;(4, 0):empty"
207,4,"(0, 0)","(6, 2)","(1, 0)",onion,"(1, 1)","(-1, 0)",,,"(3, 0):empty;(4, 0):empty",0.0,0.0,3,"(-1, 0)",0.0,0.0,0.0,0.0,0.0,0.0,False,"(6, 2)",onion,"(1, 1)",,,"(3, 0):empty;(4, 0):empty"
208,4,"(0, 0)","(6, 2)","(1, 0)",onion,"(1, 1)","(-1, 0)",,,"(3, 0):empty;(4, 0):empty",0.0,0.0,3,"(-1, 0)",0.0,0.0,0.0,0.0,0.0,0.0,False,"(6, 2)",onion,"(1, 1)",,,"(3, 0):empty;(4, 0):empty"
209,4,"(0, 0)","(6, 2)","(1, 0)",onion,"(1, 1)","(-1, 0)",,,"(3, 0):empty;(4, 0):empty",0.0,0.0,3,"(-1, 0)",0.0,0.0,0.0,0.0,0.0,0.0,False,"(6, 2)",onion,"(1, 1)",,,"(3, 0):empty;(4, 0):empty"
210,4,"(0, 0)","(6, 2)","(1, 0)",onion,"(1, 1)","(-1, 0)",,,"(3, 0):empty;(4, 0):empty",0.0,0.0,3,"(-1, 0)",0.0,0.0,0.0,0.0,0.0,0.0,False,"(6, 2)",onion,"(1, 1)",,,"(3, 0):empty;(4, 0):empty"
211,4,"(0, 0)","(6, 2)","(1, 0)",onion,"(1, 1)","(-1, 0)",,,"(3, 0):empty;(4, 0):empty",0.0,0.0,3,"(-1, 0)",0.0,0.0,0.0,0.0,0.0,0.0,False,"(6, 2)",onion,"(1, 1)",,,"(3, 0):empty;(4, 0):empty"
212,4,"(0, 0)","(6, 2)","(1, 0)",onion,"(1, 1)","(-1, 0)",,,"(3, 0):empty;(4, 0):empty",0.0,0.0,3,"(-1, 0)",0.0,0.0,0.0,0.0,0.0,0.0,False,"(6, 2)",onion,"(1, 1)",,,"(3, 0):empty;(4, 0):empty"
213,4,"(0, 0)","(6, 2)","(1, 0)",onion,"(1, 1)","(-1, 0)",,,"(3, 0):empty;(4, 0):empty",0.0,0.0,3,"(-1, 0)",0.0,0.0,0.0,0.0,0.0,0.0,False,"(6, 2)",onion,"(1, 1)",,,"(3, 0):empty;(4, 0):empty"
214,4,"(0, 0)","(6, 2)","(1, 0)",onion,"(1, 1)","(-1, 0)",,,"(3, 0):empty;(4, 0):empty",0.0,0.0,3,"(-1, 0)",0.0,0.0,0.0,0.0,0.0,0.0,False,"(6, 2)",onion,"(1, 1)",,,"(3, 0):empty;(4, 0):empty"
215,4,"(0, 0)","(6, 2)","(1, 0)",onion,"(1, 1)","(-1, 0)",,,"(3, 0):empty;(4, 0):empty",0.0,0.0,3,"(-1, 0)",0.0,0.0,0.0,0.0,0.0,0.0,False,"(6, 2)",onion,"(1, 1)",,,"(3, 0):empty;(4, 0):empty"
216,4,"(0, 0)","(6, 2)","(1, 0)",onion,"(1, 1)","(-1, 0)",,,"(3, 0):empty;(4, 0):empty",0.0,0.0,3,"(-1, 0)",0.0,0.0,0.0,0.0,0.0,0.0,False,"(6, 2)",onion,"(1, 1)",,,"(3, 0):empty;(4, 0):empty"
217,4,"(0, 0)","(6, 2)","(1, 0)",onion,"(1, 1)","(-1, 0)",,,"(3, 0):empty;(4, 0):empty",0.0,0.0,3,"(-1, 0)",0.0,0.0,0.0,0.0,0.0,0.0,False,"(6, 2)",onion,"(1, 1)",,,"(3, 0):empty;(4, 0):empty"
218,4,"(0, 0)","(6, 2)","(1, 0)",onion,"(1, 1)","(-1, 0)",,,"(3, 0):empty;(4, 0):empty",0.0,0.0,3,"(-1, 0)",0.0,0.0,0.0,0.0,0.0,0.0,False,"(6, 2)",onion,"(1, 1)",,,"(3, 0):empty;(4, 0):empty"
219,4,"(0, 0)","(6, 2)","(1, 0)",onion,"(1, 1)","(-1, 0)",,,"(3, 0):empty;(4, 0):empty",0.0,0.0,3,"(-1, 0)",0.0,0.0,0.0,0.0,0.0,0.0,False,"(6, 2)",onion,"(1, 1)",,,"(3, 0):empty;(4, 0):empty"
220,4,"(0, 0)","(6, 2)","(1, 0)",onion,"(1, 1)","(-1, 0)",,,"(3, 0):empty;(4, 0):empty",0.0,0.0,3,"(-1, 0)",0.0,0.0,0.0,0.0,0.0,0.0,False,"(6, 2)",onion,"(1, 1)",,,"(3, 0):empty;(4, 0):empty"
221,4,"(0, 0)","(6, 2)","(1, 0)",onion,"(1, 1)","(-1, 0)",,,"(3, 0):empty;(4, 0):empty",0.0,0.0,3,"(-1, 0)",0.0,0.0,0.0,0.0,0.0,0.0,False,"(6, 2)",onion,"(1, 1)",,,"(3, 0):empty;(4, 0):empty"
222,4,"(0, 0)","(6, 2)","(1, 0)",onion,"(1, 1)","(-1, 0)",,,"(3, 0):empty;(4, 0):empty",0.0,0.0,3,"(-1, 0)",0.0,0.0,0.0,0.0,0.0,0.0,False,"(6, 2)",onion,"(1, 1)",,,"(3, 0):empty;(4, 0):empty"
223,4,"(0, 0)","(6, 2)","(1, 0)",onion,"(1, 1)","(-1, 0)",,,"(3, 0):empty;(4, 0):empty",0.0,0.0,3,"(-1, 0)",0.0,0.0,0.0,0.0,0.0,0.0,False,"(6, 2)",onion,"(1, 1)",,,"(3, 0):empty;(4, 0):empty"
224,4,"(0, 0)","(6, 2)","(1, 0)",onion,"(1, 1)","(-1, 0)",,,"(3, 0):empty;(4, 0):empty",0.0,0.0,3,"(-1, 0)",0.0,0.0,0.0,0.0,0.0,0.0,False,"(6, 2)",onion,"(1, 1)",,,"(3, 0):empty;(4, 0):empty"
225,4,"(0, 0)","(6, 2)","(1, 0)",onion,"(1, 1)","(-1, 0)",,,"(3, 0):empty;(4, 0):empty",0.0,0.0,3,"(-1, 0)",0.0,0.0,0.0,0.0,0.0,0.0,False,"(6, 2)",onion,"(1, 1)",,,"(3, 0):empty;(4, 0):empty"
226,4,"(0, 0)","(6, 2)","(1, 0)",onion,"(1, 1)","(-1, 0)",,,"(3, 0):empty;(4, 0):empty",0.0,0.0,3,"(-1, 0)",0.0,0.0,0.0,0.0,0.0,0.0,False,"(6, 2)",onion,"(1, 1)",,,"(3, 0):empty;(4, 0):empty"
227,4,"(0, 0)","(6, 2)","(1, 0)",onion,"(1, 1)","(-1, 0)",,,"(3, 0):empty;(4, 0):empty",0.0,0.0,3,"(-1, 0)",0.0,0.0,0.0,0.0,0.0,0.0,False,"(6, 2)",onion,"(1, 1)",,,"(3, 0):empty;(4, 0):empty"
228,4,"(0, 0)","(6, 2)","(1, 0)",onion,"(1, 1)","(-1, 0)",,,"(3, 0):empty;(4, 0):empty",0.0,0.0,3,"(-1, 0)",0.0,0.0,0.0,0.0,0.0,0.0,False,"(6, 2)",onion,"(1, 1)",,,"(3, 0):empty;(4, 0):empty"
229,4,"(0, 0)","(6, 2)","(1, 0)",onion,"(1, 1)","(-1, 0)",,,"(3, 0):empty;(4, 0):empty",0.0,0.0,3,"(-1, 0)",0.0,0.0,0.0,0.0,0.0,0.0,False,"(6, 2)",onion,"(1, 1)",,,"(3, 0):empty;(4, 0):empty"
230,4,"(0, 0)","(6, 2)","(1, 0)",onion,"(1, 1)","(-1, 0)",,,"(3, 0):empty;(4, 0):empty",0.0,0.0,3,"(-1, 0)",0.0,0.0,0.0,0.0,0.0,0.0,False,"(6, 2)",onion,"(1, 1)",,,"(3, 0):empty;(4, 0):empty"
231,4,"(0, 0)","(6, 2)","(1, 0)",onion,"(1, 1)","(-1, 0)",,,"(3, 0):empty;(4, 0):empty",0.0,0.0,3,"(-1, 0)",0.0,0.0,0.0,0.0,0.0,0.0,False,"(6, 2)",onion,"(1, 1)",,,"(3, 0):empty;(4, 0):empty"
232,4,"(0, 0)","(6, 2)","(1, 0)",onion,"(1, 1)","(-1, 0)",,,"(3, 0):empty;(4, 0):empty",0.0,0.0,3,"(-1, 0)",0.0,0.0,0.0,0.0,0.0,0.0,False,"(6, 2)",onion,"(1, 1)",,,"(3, 0):empty;(4, 0):empty"
233,4,"(0, 0)","(6, 2)","(1, 0)",onion,"(1, 1)","(-1, 0)",,,"(3, 0):empty;(4, 0):empty",0.0,0.0,3,"(-1, 0)",0.0,0.0,0.0,0.0,0.0,0.0,False,"(6, 2)",onion,"(1, 1)",,,"(3, 0):empty;(4, 0):empty"
234,4,"(0, 0)","(6, 2)","(1, 0)",onion,"(1, 1)","(-1, 0)",,,"(3, 0):empty;(4, 0):empty",0.0,0.0,3,"(-1, 0)",0.0,0.0,0.0,0.0,0.0,0.0,False,"(6, 2)",onion,"(1, 1)",,,"(3, 0):empty;(4, 0):empty"
235,4,"(0, 0)","(6, 2)","(1, 0)",onion,"(1, 1)","(-1, 0)",,,"(3, 0):empty;(4, 0):empty",0.0,0.0,3,"(-1, 0)",0.0,0.0,0.0,0.0,0.0,0.0,False,"(6, 2)",onion,"(1, 1)",,,"(3, 0):empty;(4, 0):empty"
236,4,"(0, 0)","(6, 2)","(1, 0)",onion,"(1, 1)","(-1, 0)",,,"(3, 0):empty;(4, 0):empty",0.0,0.0,3,"(-1, 0)",0.0,0.0,0.0,0.0,0.0,0.0,False,"(6, 2)",onion,"(1, 1)",,,"(3, 0):empty;(4, 0):empty"
237,4,"(0, 0)","(6, 2)","(1, 0)",onion,"(1, 1)","(-1, 0)",,,"(3, 0):empty;(4, 0):empty",0.0,0.0,3,"(-1, 0)",0.0,0.0,0.0,0.0,0.0,0.0,False,"(6, 2)",onion,"(1, 1)",,,"(3, 0):empty;(4, 0):empty"
238,4,"(0, 0)","(6, 2)","(1, 0)",onion,"(1, 1)","(-1, 0)",,,"(3, 0):empty;(4, 0):empty",0.0,0.0,3,"(-1, 0)",0.0,0.0,0.0,0.0,0.0,0.0,False,"(6, 2)",onion,"(1, 1)",,,"(3, 0):empty;(4, 0):empty"
239,4,"(0, 0)","(6, 2)","(1, 0)",onion,"(1, 1)","(-1, 0)",,,"(3, 0):empty;(4, 0):empty",0.0,0.0,3,"(-1, 0)",0.0,0.0,0.0,0.0,0.0,0.0,False,"(6, 2)",onion,"(1, 1)",,,"(3, 0):empty;(4, 0):empty"
240,4,"(0, 0)","(6, 2)","(1, 0)",onion,"(1, 1)","(-1, 0)",,,"(3, 0):empty;(4, 0):empty",0.0,0.0,3,"(-1, 0)",0.0,0.0,0.0,0.0,0.0,0.0,False,"(6, 2)",onion,"(1, 1)",,,"(3, 0):empty;(4, 0):empty"
241,4,"(0, 0)","(6, 2)","(1, 0)",onion,"(1, 1)","(-1, 0)",,,"(3, 0):empty;(4, 0):empty",0.0,0.0,3,"(-1, 0)",0.0,0.0,0.0,0.0,0.0,0.0,False,"(6, 2)",onion,"(1, 1)",,,"(3, 0):empty;(4, 0):empty"
242,4,"(0, 0)","(6, 2)","(1, 0)",onion,"(1, 1)","(-1, 0)",,,"(3, 0):empty;(4, 0):empty",0.0,0.0,3,"(-1, 0)",0.0,0.0,0.0,0.0,0.0,0.0,False,"(6, 2)",onion,"(1, 1)",,,"(3, 0):empty;(4, 0):empty"
243,4,"(0, 0)","(6, 2)","(1, 0)",onion,"(1, 1)","(-1, 0)",,,"(3, 0):empty;(4, 0):empty",0.0,0.0,3,"(-1, 0)",0.0,0.0,0.0,0.0,0.0,0.0,False,"(6, 2)",onion,"(1, 1)",,,"(3, 0):empty;(4, 0):empty"
244,4,"(0, 0)","(6, 2)","(1, 0)",onion,"(1, 1)","(-1, 0)",,,"(3, 0):empty;(4, 0):empty",0.0,0.0,3,"(-1, 0)",0.0,0.0,0.0,0.0,0.0,0.0,False,"(6, 2)",onion,"(1, 1)",,,"(3, 0):empty;(4, 0):empty"
245,4,"(0, 0)","(6, 2)","(1, 0)",onion,"(1, 1)","(-1, 0)",,,"(3, 0):empty;(4, 0):empty",0.0,0.0,3,"(-1, 0)",0.0,0.0,0.0,0.0,0.0,0.0,False,"(6, 2)",onion,"(1, 1)",,,"(3, 0):empty;(4, 0):empty"
246,4,"(0, 0)","(6, 2)","(1, 0)",onion,"(1, 1)","(-1, 0)",,,"(3, 0):empty;(4, 0):empty",0.0,0.0,3,"(-1, 0)",0.0,0.0,0.0,0.0,0.0,0.0,False,"(6, 2)",onion,"(1, 1)",,,"(3, 0):empty;(4, 0):empty"
247,4,"(0, 0)","(6, 2)","(1, 0)",onion,"(1, 1)","(-1, 0)",,,"(3, 0):empty;(4, 0):empty",0.0,0.0,3,"(-1, 0)",0.0,0.0,0.0,0.0,0.0,0.0,False,"(6, 2)",onion,"(1, 1)",,,"(3, 0):empty;(4, 0):empty"
248,4,"(0, 0)","(6, 2)","(1, 0)",onion,"(1, 1)","(-1, 0)",,,"(3, 0):empty;(4, 0):empty",0.0,0.0,3,"(-1, 0)",0.0,0.0,0.0,0.0,0.0,0.0,False,"(6, 2)",onion,"(1, 1)",,,"(3, 0):empty;(4, 0):empty"
249,4,"(0, 0)","(6, 2)","(1, 0)",onion,"(1, 1)","(-1, 0)",,,"(3, 0):empty;(4, 0):empty",0.0,0.0,3,"(-1, 0)",0.0,0.0,0.0,0.0,0.0,0.0,False,"(6, 2)",onion,"(1, 1)",,,"(3, 0):empty;(4, 0):empty"
250,4,"(0, 0)","(6, 2)","(1, 0)",onion,"(1, 1)","(-1, 0)",,,"(3, 0):empty;(4, 0):empty",0.0,0.0,3,"(-1, 0)",0.0,0.0,0.0,0.0,0.0,0.0,False,"(6, 2)",onion,"(1, 1)",,,"(3, 0):empty;(4, 0):empty"
251,4,"(0, 0)","(6, 2)","(1, 0)",onion,"(1, 1)","(-1, 0)",,,"(3, 0):empty;(4, 0):empty",0.0,0.0,3,"(-1, 0)",0.0,0.0,0.0,0.0,0.0,0.0,False,"(6, 2)",onion,"(1, 1)",,,"(3, 0):empty;(4, 0):empty"
252,4,"(0, 0)","(6, 2)","(1, 0)",onion,"(1, 1)","(-1, 0)",,,"(3, 0):empty;(4, 0):empty",0.0,0.0,3,"(-1, 0)",0.0,0.0,0.0,0.0,0.0,0.0,False,"(6, 2)",onion,"(1, 1)",,,"(3, 0):empty;(4, 0):empty"
253,4,"(0, 0)","(6, 2)","(1, 0)",onion,"(1, 1)","(-1, 0)",,,"(3, 0):empty;(4, 0):empty",0.0,0.0,3,"(-1, 0)",0.0,0.0,0.0,0.0,0.0,0.0,False,"(6, 2)",onion,"(1, 1)",,,"(3, 0):empty;(4, 0):empty"
254,4,"(0, 0)","(6, 2)","(1, 0)",onion,"(1, 1)","(-1, 0)",,,"(3, 0):empty;(4, 0):empty",0.0,0.0,3,"(-1, 0)",0.0,0.0,0.0,0.0,0.0,0.0,False,"(6, 2)",onion,"(1, 1)",,,"(3, 0):empty;(4, 0):empty"
255,4,"(0, 0)","(6, 2)","(1, 0)",onion,"(1, 1)","(-1, 0)",,,"(3, 0):empty;(4, 0):empty",0.0,0.0,3,"(-1, 0)",0.0,0.0,0.0,0.0,0.0,0.0,False,"(6, 2)",onion,"(1, 1)",,,"(3, 0):empty;(4, 0):empty"
256,4,"(0, 0)","(6, 2)","(1, 0)",onion,"(1, 1)","(-1, 0)",,,"(3, 0):empty;(4, 0):empty",0.0,0.0,3,"(-1, 0)",0.0,0.0,0.0,0.0,0.0,0.0,False,"(6, 2)",onion,"(1, 1)",,,"(3, 0):empty;(4, 0):empty"
257,4,"(0, 0)","(6, 2)","(1, 0)",onion,"(1, 1)","(-1, 0)",,,"(3, 0):empty;(4, 0):empty",0.0,0.0,3,"(-1, 0)",0.0,0.0,0.0,0.0,0.0,0.0,False,"(6, 2)",onion,"(1, 1)",,,"(3, 0):empty;(4, 0):empty"
258,4,"(0, 0)","(6, 2)","(1, 0)",onion,"(1, 1)","(-1, 0)",,,"(3, 0):empty;(4, 0):empty",0.0,0.0,3,"(-1, 0)",0.0,0.0,0.0,0.0,0.0,0.0,False,"(6, 2)",onion,"(1, 1)",,,"(3, 0):empty;(4, 0):empty"
259,4,"(0, 0)","(6, 2)","(1, 0)",onion,"(1, 1)","(-1, 0)",,,"(3, 0):empty;(4, 0):empty",0.0,0.0,3,"(-1, 0)",0.0,0.0,0.0,0.0,0.0,0.0,False,"(6, 2)",onion,"(1, 1)",,,"(3, 0):empty;(4, 0):empty"
260,4,"(0, 0)","(6, 2)","(1, 0)",onion,"(1, 1)","(-1, 0)",,,"(3, 0):empty;(4, 0):empty",0.0,0.0,3,"(-1, 0)",0.0,0.0,0.0,0.0,0.0,0.0,False,"(6, 2)",onion,"(1, 1)",,,"(3, 0):empty;(4, 0):empty"
261,4,"(0, 0)","(6, 2)","(1, 0)",onion,"(1, 1)","(-1, 0)",,,"(3, 0):empty;(4, 0):empty",0.0,0.0,3,"(-1, 0)",0.0,0.0,0.0,0.0,0.0,0.0,False,"(6, 2)",onion,"(1, 1)",,,"(3, 0):empty;(4, 0):empty"
262,4,"(0, 0)","(6, 2)","(1, 0)",onion,"(1, 1)","(-1, 0)",,,"(3, 0):empty;(4, 0):empty",0.0,0.0,3,"(-1, 0)",0.0,0.0,0.0,0.0,0.0,0.0,False,"(6, 2)",onion,"(1, 1)",,,"(3, 0):empty;(4, 0):empty"
263,4,"(0, 0)","(6, 2)","(1, 0)",onion,"(1, 1)","(-1, 0)",,,"(3, 0):empty;(4, 0):empty",0.0,0.0,3,"(-1, 0)",0.0,0.0,0.0,0.0,0.0,0.0,False,"(6, 2)",onion,"(1, 1)",,,"(3, 0):empty;(4, 0):empty"
264,4,"(0, 0)","(6, 2)","(1, 0)",onion,"(1, 1)","(-1, 0)",,,"(3, 0):empty;(4, 0):empty",0.0,0.0,3,"(-1, 0)",0.0,0.0,0.0,0.0,0.0,0.0,False,"(6, 2)",onion,"(1, 1)",,,"(3, 0):empty;(4, 0):empty"
265,4,"(0, 0)","(6, 2)","(1, 0)",onion,"(1, 1)","(-1, 0)",,,"(3, 0):empty;(4, 0):empty",0.0,0.0,3,"(-1, 0)",0.0,0.0,0.0,0.0,0.0,0.0,False,"(6, 2)",onion,"(1, 1)",,,"(3, 0):empty;(4, 0):empty"
266,4,"(0, 0)","(6, 2)","(1, 0)",onion,"(1, 1)","(-1, 0)",,,"(3, 0):empty;(4, 0):empty",0.0,0.0,3,"(-1, 0)",0.0,0.0,0.0,0.0,0.0,0.0,False,"(6, 2)",onion,"(1, 1)",,,"(3, 0):empty;(4, 0):empty"
267,4,"(0, 0)","(6, 2)","(1, 0)",onion,"(1, 1)","(-1, 0)",,,"(3, 0):empty;(4, 0):empty",0.0,0.0,3,"(-1, 0)",0.0,0.0,0.0,0.0,0.0,0.0,False,"(6, 2)",onion,"(1, 1)",,,"(3, 0):empty;(4, 0):empty"
268,4,"(0, 0)","(6, 2)","(1, 0)",onion,"(1, 1)","(-1, 0)",,,"(3, 0):empty;(4, 0):empty",0.0,0.0,3,"(-1, 0)",0.0,0.0,0.0,0.0,0.0,0.0,False,"(6, 2)",onion,"(1, 1)",,,"(3, 0):empty;(4, 0):empty"
269,4,"(0, 0)","(6, 2)","(1, 0)",onion,"(1, 1)","(-1, 0)",,,"(3, 0):empty;(4, 0):empty",0.0,0.0,3,"(-1, 0)",0.0,0.0,0.0,0.0,0.0,0.0,False,"(6, 2)",onion,"(1, 1)",,,"(3, 0):empty;(4, 0):empty"
270,4,"(0, 0)","(6, 2)","(1, 0)",onion,"(1, 1)","(-1, 0)",,,"(3, 0):empty;(4, 0):empty",0.0,0.0,3,"(-1, 0)",0.0,0.0,0.0,0.0,0.0,0.0,False,"(6, 2)",onion,"(1, 1)",,,"(3, 0):empty;(4, 0):empty"
271,4,"(0, 0)","(6, 2)","(1, 0)",onion,"(1, 1)","(-1, 0)",,,"(3, 0):empty;(4, 0):empty",0.0,0.0,3,"(-1, 0)",0.0,0.0,0.0,0.0,0.0,0.0,False,"(6, 2)",onion,"(1, 1)",,,"(3, 0):empty;(4, 0):empty"
272,4,"(0, 0)","(6, 2)","(1, 0)",onion,"(1, 1)","(-1, 0)",,,"(3, 0):empty;(4, 0):empty",0.0,0.0,3,"(-1, 0)",0.0,0.0,0.0,0.0,0.0,0.0,False,"(6, 2)",onion,"(1, 1)",,,"(3, 0):empty;(4, 0):empty"
273,4,"(0, 0)","(6, 2)","(1, 0)",onion,"(1, 1)","(-1, 0)",,,"(3, 0):empty;(4, 0):empty",0.0,0.0,3,"(-1, 0)",0.0,0.0,0.0,0.0,0.0,0.0,False,"(6, 2)",onion,"(1, 1)",,,"(3, 0):empty;(4, 0):empty"
274,4,"(0, 0)","(6, 2)","(1, 0)",onion,"(1, 1)","(-1, 0)",,,"(3, 0):empty;(4, 0):empty",0.0,0.0,3,"(-1, 0)",0.0,0.0,0.0,0.0,0.0,0.0,False,"(6, 2)",onion,"(1, 1)",,,"(3, 0):empty;(4, 0):empty"
275,4,"(0, 0)","(6, 2)","(1, 0)",onion,"(1, 1)","(-1, 0)",,,"(3, 0):empty;(4, 0):empty",0.0,0.0,3,"(-1, 0)",0.0,0.0,0.0,0.0,0.0,0.0,False,"(6, 2)",onion,"(1, 1)",,,"(3, 0):empty;(4, 0):empty"
276,4,"(0, 0)","(6, 2)","(1, 0)",onion,"(1, 1)","(-1, 0)",,,"(3, 0):empty;(4, 0):empty",0.0,0.0,3,"(-1, 0)",0.0,0.0,0.0,0.0,0.0,0.0,False,"(6, 2)",onion,"(1, 1)",,,"(3, 0):empty;(4, 0):empty"
277,4,"(0, 0)","(6, 2)","(1, 0)",onion,"(1, 1)","(-1, 0)",,,"(3, 0):empty;(4, 0):empty",0.0,0.0,3,"(-1, 0)",0.0,0.0,0.0,0.0,0.0,0.0,False,"(6, 2)",onion,"(1, 1)",,,"(3, 0):empty;(4, 0):empty"
278,4,"(0, 0)","(6, 2)","(1, 0)",onion,"(1, 1)","(-1, 0)",,,"(3, 0):empty;(4, 0):empty",0.0,0.0,3,"(-1, 0)",0.0,0.0,0.0,0.0,0.0,0.0,False,"(6, 2)",onion,"(1, 1)",,,"(3, 0):empty;(4, 0):empty"
279,4,"(0, 0)","(6, 2)","(1, 0)",onion,"(1, 1)","(-1, 0)",,,"(3, 0):empty;(4, 0):empty",0.0,0.0,3,"(-1, 0)",0.0,0.0,0.0,0.0,0.0,0.0,False,"(6, 2)",onion,"(1, 1)",,,"(3, 0):empty;(4, 0):empty"
280,4,"(0, 0)","(6, 2)","(1, 0)",onion,"(1, 1)","(-1, 0)",,,"(3, 0):empty;(4, 0):empty",0.0,0.0,3,"(-1, 0)",0.0,0.0,0.0,0.0,0.0,0.0,False,"(6, 2)",onion,"(1, 1)",,,"(3, 0):empty;(4, 0):empty"
281,4,"(0, 0)","(6, 2)","(1, 0)",onion,"(1, 1)","(-1, 0)",,,"(3, 0):empty;(4, 0):empty",0.0,0.0,3,"(-1, 0)",0.0,0.0,0.0,0.0,0.0,0.0,False,"(6, 2)",onion,"(1, 1)",,,"(3, 0):empty;(4, 0):empty"
282,4,"(0, 0)","(6, 2)","(1, 0)",onion,"(1, 1)","(-1, 0)",,,"(3, 0):empty;(4, 0):empty",0.0,0.0,3,"(-1, 0)",0.0,0.0,0.0,0.0,0.0,0.0,False,"(6, 2)",onion,"(1, 1)",,,"(3, 0):empty;(4, 0):empty"
283,4,"(0, 0)","(6, 2)","(1, 0)",onion,"(1, 1)","(-1, 0)",,,"(3, 0):empty;(4, 0):empty",0.0,0.0,3,"(-1, 0)",0.0,0.0,0.0,0.0,0.0,0.0,False,"(6, 2)",onion,"(1, 1)",,,"(3, 0):empty;(4, 0):empty"
284,4,"(0, 0)","(6, 2)","(1, 0)",onion,"(1, 1)","(-1, 0)",,,"(3, 0):empty;(4, 0):empty",0.0,0.0,3,"(-1, 0)",0.0,0.0,0.0,0.0,0.0,0.0,False,"(6, 2)",onion,"(1, 1)",,,"(3, 0):empty;(4, 0):empty"
285,4,"(0, 0)","(6, 2)","(1, 0)",onion,"(1, 1)","(-1, 0)",,,"(3, 0):empty;(4, 0):empty",0.0,0.0,3,"(-1, 0)",0.0,0.0,0.0,0.0,0.0,0.0,False,"(6, 2)",onion,"(1, 1)",,,"(3, 0):empty;(4, 0):empty"
286,4,"(0, 0)","(6, 2)","(1, 0)",onion,"(1, 1)","(-1, 0)",,,"(3, 0):empty;(4, 0):empty",0.0,0.0,3,"(-1, 0)",0.0,0.0,0.0,0.0,0.0,0.0,False,"(6, 2)",onion,"(1, 1)",,,"(3, 0):empty;(4, 0):empty"
287,4,"(0, 0)","(6, 2)","(1, 0)",onion,"(1, 1)","(-1, 0)",,,"(3, 0):empty;(4, 0):empty",0.0,0.0,3,"(-1, 0)",0.0,0.0,0.0,0.0,0.0,0.0,False,"(6, 2)",onion,"(1, 1)",,,"(3, 0):empty;(4, 0):empty"
288,4,"(0, 0)","(6, 2)","(1, 0)",onion,"(1, 1)","(-1, 0)",,,"(3, 0):empty;(4, 0):empty",0.0,0.0,3,"(-1, 0)",0.0,0.0,0.0,0.0,0.0,0.0,False,"(6, 2)",onion,"(1, 1)",,,"(3, 0):empty;(4, 0):empty"
289,4,"(0, 0)","(6, 2)","(1, 0)",onion,"(1, 1)","(-1, 0)",,,"(3, 0):empty;(4, 0):empty",0.0,0.0,3,"(-1, 0)",0.0,0.0,0.0,0.0,0.0,0.0,False,"(6, 2)",onion,"(1, 1)",,,"(3, 0):empty;(4, 0):empty"
290,4,"(0, 0)","(6, 2)","(1, 0)",onion,"(1, 1)","(-1, 0)",,,"(3, 0):empty;(4, 0):empty",0.0,0.0,3,"(-1, 0)",0.0,0.0,0.0,0.0,0.0,0.0,False,"(6, 2)",onion,"(1, 1)",,,"(3, 0):empty;(4, 0):empty"
291,4,"(0, 0)","(6, 2)","(1, 0)",onion,"(1, 1)","(-1, 0)",,,"(3, 0):empty;(4, 0):empty",0.0,0.0,3,"(-1, 0)",0.0,0.0,0.0,0.0,0.0,0.0,False,"(6, 2)",onion,"(1, 1)",,,"(3, 0):empty;(4, 0):empty"
292,4,"(0, 0)","(6, 2)","(1, 0)",onion,"(1, 1)","(-1, 0)",,,"(3, 0):empty;(4, 0):empty",0.0,0.0,3,"(-1, 0)",0.0,0.0,0.0,0.0,0.0,0.0,False,"(6, 2)",onion,"(1, 1)",,,"(3, 0):empty;(4, 0):empty"
293,4,"(0, 0)","(6, 2)","(1, 0)",onion,"(1, 1)","(-1, 0)",,,"(3, 0):empty;(4, 0):empty",0.0,0.0,3,"(-1, 0)",0.0,0.0,0.0,0.0,0.0,0.0,False,"(6, 2)",onion,"(1, 1)",,,"(3, 0):empty;(4, 0):empty"
294,4,"(0, 0)","(6, 2)","(1, 0)",onion,"(1, 1)","(-1, 0)",,,"(3, 0):empty;(4, 0):empty",0.0,0.0,3,"(-1, 0)",0.0,0.0,0.0,0.0,0.0,0.0,False,"(6, 2)",onion,"(1, 1)",,,"(3, 0):empty;(4, 0):empty"
295,4,"(0, 0)","(6, 2)","(1, 0)",onion,"(1, 1)","(-1, 0)",,,"(3, 0):empty;(4, 0):empty",0.0,0.0,3,"(-1, 0)",0.0,0.0,0.0,0.0,0.0,0.0,False,"(6, 2)",onion,"(1, 1)",,,"(3, 0):empty;(4, 0):empty"
296,4,"(0, 0)","(6, 2)","(1, 0)",onion,"(1, 1)","(-1, 0)",,,"(3, 0):empty;(4, 0):empty",0.0,0.0,3,"(-1, 0)",0.0,0.0,0.0,0.0,0.0,0.0,False,"(6, 2)",onion,"(1, 1)",,,"(3, 0):empty;(4, 0):empty"
297,4,"(0, 0)","(6, 2)","(1, 0)",onion,"(1, 1)","(-1, 0)",,,"(3, 0):empty;(4, 0):empty",0.0,0.0,3,"(-1, 0)",0.0,0.0,0.0,0.0,0.0,0.0,False,"(6, 2)",onion,"(1, 1)",,,"(3, 0):empty;(4, 0):empty"
298,4,"(0, 0)","(6, 2)","(1, 0)",onion,"(1, 1)","(-1, 0)",,,"(3, 0):empty;(4, 0):empty",0.0,0.0,3,"(-1, 0)",0.0,0.0,0.0,0.0,0.0,0.0,False,"(6, 2)",onion,"(1, 1)",,,"(3, 0):empty;(4, 0):empty"
299,4,"(0, 0)","(6, 2)","(1, 0)",onion,"(1, 1)","(-1, 0)",,,"(3, 0):empty;(4, 0):empty",0.0,0.0,3,"(-1, 0)",0.0,0.0,0.0,0.0,0.0,0.0,False,"(6, 2)",onion,"(1, 1)",,,"(3, 0):empty;(4, 0):empty"
300,4,"(0, 0)","(6, 2)","(1, 0)",onion,"(1, 1)","(-1, 0)",,,"(3, 0):empty;(4, 0):empty",0.0,0.0,3,"(-1, 0)",0.0,0.0,0.0,0.0,0.0,0.0,False,"(6, 2)",onion,"(1, 1)",,,"(3, 0):empty;(4, 0):empty"
301,4,"(0, 0)","(6, 2)","(1, 0)",onion,"(1, 1)","(-1, 0)",,,"(3, 0):empty;(4, 0):empty",0.0,0.0,3,"(-1, 0)",0.0,0.0,0.0,0.0,0.0,0.0,False,"(6, 2)",onion,"(1, 1)",,,"(3, 0):empty;(4, 0):empty"
302,4,"(0, 0)","(6, 2)","(1, 0)",onion,"(1, 1)","(-1, 0)",,,"(3, 0):empty;(4, 0):empty",0.0,0.0,3,"(-1, 0)",0.0,0.0,0.0,0.0,0.0,0.0,False,"(6, 2)",onion,"(1, 1)",,,"(3, 0):empty;(4, 0):empty"
303,4,"(0, 0)","(6, 2)","(1, 0)",onion,"(1, 1)","(-1, 0)",,,"(3, 0):empty;(4, 0):empty",0.0,0.0,3,"(-1, 0)",0.0,0.0,0.0,0.0,0.0,0.0,False,"(6, 2)",onion,"(1, 1)",,,"(3, 0):empty;(4, 0):empty"
304,4,"(0, 0)","(6, 2)","(1, 0)",onion,"(1, 1)","(-1, 0)",,,"(3, 0):empty;(4, 0):empty",0.0,0.0,3,"(-1, 0)",0.0,0.0,0.0,0.0,0.0,0.0,False,"(6, 2)",onion,"(1, 1)",,,"(3, 0):empty;(4, 0):empty"
305,4,"(0, 0)","(6, 2)","(1, 0)",onion,"(1, 1)","(-1, 0)",,,"(3, 0):empty;(4, 0):empty",0.0,0.0,3,"(-1, 0)",0.0,0.0,0.0,0.0,0.0,0.0,False,"(6, 2)",onion,"(1, 1)",,,"(3, 0):empty;(4, 0):empty"
306,4,"(0, 0)","(6, 2)","(1, 0)",onion,"(1, 1)","(-1, 0)",,,"(3, 0):empty;(4, 0):empty",0.0,0.0,3,"(-1, 0)",0.0,0.0,0.0,0.0,0.0,0.0,False,"(6, 2)",onion,"(1, 1)",,,"(3, 0):empty;(4, 0):empty"
307,4,"(0, 0)","(6, 2)","(1, 0)",onion,"(1, 1)","(-1, 0)",,,"(3, 0):empty;(4, 0):empty",0.0,0.0,3,"(-1, 0)",0.0,0.0,0.0,0.0,0.0,0.0,False,"(6, 2)",onion,"(1, 1)",,,"(3, 0):empty;(4, 0):empty"
308,4,"(0, 0)","(6, 2)","(1, 0)",onion,"(1, 1)","(-1, 0)",,,"(3, 0):empty;(4, 0):empty",0.0,0.0,3,"(-1, 0)",0.0,0.0,0.0,0.0,0.0,0.0,False,"(6, 2)",onion,"(1, 1)",,,"(3, 0):empty;(4, 0):empty"
309,4,"(0, 0)","(6, 2)","(1, 0)",onion,"(1, 1)","(-1, 0)",,,"(3, 0):empty;(4, 0):empty",0.0,0.0,3,"(-1, 0)",0.0,0.0,0.0,0.0,0.0,0.0,False,"(6, 2)",onion,"(1, 1)",,,"(3, 0):empty;(4, 0):empty"
310,4,"(0, 0)","(6, 2)","(1, 0)",onion,"(1, 1)","(-1, 0)",,,"(3, 0):empty;(4, 0):empty",0.0,0.0,3,"(-1, 0)",0.0,0.0,0.0,0.0,0.0,0.0,False,"(6, 2)",onion,"(1, 1)",,,"(3, 0):empty;(4, 0):empty"
311,4,"(0, 0)","(6, 2)","(1, 0)",onion,"(1, 1)","(-1, 0)",,,"(3, 0):empty;(4, 0):empty",0.0,0.0,3,"(-1, 0)",0.0,0.0,0.0,0.0,0.0,0.0,False,"(6, 2)",onion,"(1, 1)",,,"(3, 0):empty;(4, 0):empty"
312,4,"(0, 0)","(6, 2)","(1, 0)",onion,"(1, 1)","(-1, 0)",,,"(3, 0):empty;(4, 0):empty",0.0,0.0,3,"(-1, 0)",0.0,0.0,0.0,0.0,0.0,0.0,False,"(6, 2)",onion,"(1, 1)",,,"(3, 0):empty;(4, 0):empty"
313,4,"(0, 0)","(6, 2)","(1, 0)",onion,"(1, 1)","(-1, 0)",,,"(3, 0):empty;(4, 0):empty",0.0,0.0,3,"(-1, 0)",0.0,0.0,0.0,0.0,0.0,0.0,False,"(6, 2)",onion,"(1, 1)",,,"(3, 0):empty;(4, 0):empty"
314,4,"(0, 0)","(6, 2)","(1, 0)",onion,"(1, 1)","(-1, 0)",,,"(3, 0):empty;(4, 0):empty",0.0,0.0,3,"(-1, 0)",0.0,0.0,0.0,0.0,0.0,0.0,False,"(6, 2)",onion,"(1, 1)",,,"(3, 0):empty;(4, 0):empty"
315,4,"(0, 0)","(6, 2)","(1, 0)",onion,"(1, 1)","(-1, 0)",,,"(3, 0):empty;(4, 0):empty",0.0,0.0,3,"(-1, 0)",0.0,0.0,0.0,0.0,0.0,0.0,False,"(6, 2)",onion,"(1, 1)",,,"(3, 0):empty;(4, 0):empty"
316,4,"(0, 0)","(6, 2)","(1, 0)",onion,"(1, 1)","(-1, 0)",,,"(3, 0):empty;(4, 0):empty",0.0,0.0,3,"(-1, 0)",0.0,0.0,0.0,0.0,0.0,0.0,False,"(6, 2)",onion,"(1, 1)",,,"(3, 0):empty;(4, 0):empty"
317,4,"(0, 0)","(6, 2)","(1, 0)",onion,"(1, 1)","(-1, 0)",,,"(3, 0):empty;(4, 0):empty",0.0,0.0,3,"(-1, 0)",0.0,0.0,0.0,0.0,0.0,0.0,False,"(6, 2)",onion,"(1, 1)",,,"(3, 0):empty;(4, 0):empty"
318,4,"(0, 0)","(6, 2)","(1, 0)",onion,"(1, 1)","(-1, 0)",,,"(3, 0):empty;(4, 0):empty",0.0,0.0,3,"(-1, 0)",0.0,0.0,0.0,0.0,0.0,0.0,False,"(6, 2)",onion,"(1, 1)",,,"(3, 0):empty;(4, 0):empty"
319,4,"(0, 0)","(6, 2)","(1, 0)",onion,"(1, 1)","(-1, 0)",,,"(3, 0):empty;(4, 0):empty",0.0,0.0,3,"(-1, 0)",0.0,0.0,0.0,0.0,0.0,0.0,False,"(6, 2)",onion,"(1, 1)",,,"(3, 0):empty;(4, 0):empty"
320,4,"(0, 0)","(6, 2)","(1, 0)",onion,"(1, 1)","(-1, 0)",,,"(3, 0):empty;(4, 0):empty",0.0,0.0,3,"(-1, 0)",0.0,0.0,0.0,0.0,0.0,0.0,False,"(6, 2)",onion,"(1, 1)",,,"(3, 0):empty;(4, 0):empty"
321,4,"(0, 0)","(6, 2)","(1, 0)",onion,"(1, 1)","(-1, 0)",,,"(3, 0):empty;(4, 0):empty",0.0,0.0,3,"(-1, 0)",0.0,0.0,0.0,0.0,0.0,0.0,False,"(6, 2)",onion,"(1, 1)",,,"(3, 0):empty;(4, 0):empty"
322,4,"(0, 0)","(6, 2)","(1, 0)",onion,"(1, 1)","(-1, 0)",,,"(3, 0):empty;(4, 0):empty",0.0,0.0,3,"(-1, 0)",0.0,0.0,0.0,0.0,0.0,0.0,False,"(6, 2)",onion,"(1, 1)",,,"(3, 0):empty;(4, 0):empty"
323,4,"(0, 0)","(6, 2)","(1, 0)",onion,"(1, 1)","(-1, 0)",,,"(3, 0):empty;(4, 0):empty",0.0,0.0,3,"(-1, 0)",0.0,0.0,0.0,0.0,0.0,0.0,False,"(6, 2)",onion,"(1, 1)",,,"(3, 0):empty;(4, 0):empty"
324,4,"(0, 0)","(6, 2)","(1, 0)",onion,"(1, 1)","(-1, 0)",,,"(3, 0):empty;(4, 0):empty",0.0,0.0,3,"(-1, 0)",0.0,0.0,0.0,0.0,0.0,0.0,False,"(6, 2)",onion,"(1, 1)",,,"(3, 0):empty;(4, 0):empty"
325,4,"(0, 0)","(6, 2)","(1, 0)",onion,"(1, 1)","(-1, 0)",,,"(3, 0):empty;(4, 0):empty",0.0,0.0,3,"(-1, 0)",0.0,0.0,0.0,0.0,0.0,0.0,False,"(6, 2)",onion,"(1, 1)",,,"(3, 0):empty;(4, 0):empty"
326,4,"(0, 0)","(6, 2)","(1, 0)",onion,"(1, 1)","(-1, 0)",,,"(3, 0):empty;(4, 0):empty",0.0,0.0,3,"(-1, 0)",0.0,0.0,0.0,0.0,0.0,0.0,False,"(6, 2)",onion,"(1, 1)",,,"(3, 0):empty;(4, 0):empty"
327,4,"(0, 0)","(6, 2)","(1, 0)",onion,"(1, 1)","(-1, 0)",,,"(3, 0):empty;(4, 0):empty",0.0,0.0,3,"(-1, 0)",0.0,0.0,0.0,0.0,0.0,0.0,False,"(6, 2)",onion,"(1, 1)",,,"(3, 0):empty;(4, 0):empty"
328,4,"(0, 0)","(6, 2)","(1, 0)",onion,"(1, 1)","(-1, 0)",,,"(3, 0):empty;(4, 0):empty",0.0,0.0,3,"(-1, 0)",0.0,0.0,0.0,0.0,0.0,0.0,False,"(6, 2)",onion,"(1, 1)",,,"(3, 0):empty;(4, 0):empty"
329,4,"(0, 0)","(6, 2)","(1, 0)",onion,"(1, 1)","(-1, 0)",,,"(3, 0):empty;(4, 0):empty",0.0,0.0,3,"(-1, 0)",0.0,0.0,0.0,0.0,0.0,0.0,False,"(6, 2)",onion,"(1, 1)",,,"(3, 0):empty;(4, 0):empty"
330,4,"(0, 0)","(6, 2)","(1, 0)",onion,"(1, 1)","(-1, 0)",,,"(3, 0):empty;(4, 0):empty",0.0,0.0,3,"(-1, 0)",0.0,0.0,0.0,0.0,0.0,0.0,False,"(6, 2)",onion,"(1, 1)",,,"(3, 0):empty;(4, 0):empty"
331,4,"(0, 0)","(6, 2)","(1, 0)",onion,"(1, 1)","(-1, 0)",,,"(3, 0):empty;(4, 0):empty",0.0,0.0,3,"(-1, 0)",0.0,0.0,0.0,0.0,0.0,0.0,False,"(6, 2)",onion,"(1, 1)",,,"(3, 0):empty;(4, 0):empty"
332,4,"(0, 0)","(6, 2)","(1, 0)",onion,"(1, 1)","(-1, 0)",,,"(3, 0):empty;(4, 0):empty",0.0,0.0,3,"(-1, 0)",0.0,0.0,0.0,0.0,0.0,0.0,False,"(6, 2)",onion,"(1, 1)",,,"(3, 0):empty;(4, 0):empty"
333,4,"(0, 0)","(6, 2)","(1, 0)",onion,"(1, 1)","(-1, 0)",,,"(3, 0):empty;(4, 0):empty",0.0,0.0,3,"(-1, 0)",0.0,0.0,0.0,0.0,0.0,0.0,False,"(6, 2)",onion,"(1, 1)",,,"(3, 0):empty;(4, 0):empty"
334,4,"(0, 0)","(6, 2)","(1, 0)",onion,"(1, 1)","(-1, 0)",,,"(3, 0):empty;(4, 0):empty",0.0,0.0,3,"(-1, 0)",0.0,0.0,0.0,0.0,0.0,0.0,False,"(6, 2)",onion,"(1, 1)",,,"(3, 0):empty;(4, 0):empty"
335,4,"(0, 0)","(6, 2)","(1, 0)",onion,"(1, 1)","(-1, 0)",,,"(3, 0):empty;(4, 0):empty",0.0,0.0,3,"(-1, 0)",0.0,0.0,0.0,0.0,0.0,0.0,False,"(6, 2)",onion,"(1, 1)",,,"(3, 0):empty;(4, 0):empty"
336,4,"(0, 0)","(6, 2)","(1, 0)",onion,"(1, 1)","(-1, 0)",,,"(3, 0):empty;(4, 0):empty",0.0,0.0,3,"(-1, 0)",0.0,0.0,0.0,0.0,0.0,0.0,False,"(6, 2)",onion,"(1, 1)",,,"(3, 0):empty;(4, 0):empty"
337,4,"(0, 0)","(6, 2)","(1, 0)",onion,"(1, 1)","(-1, 0)",,,"(3, 0):empty;(4, 0):empty",0.0,0.0,3,"(-1, 0)",0.0,0.0,0.0,0.0,0.0,0.0,False,"(6, 2)",onion,"(1, 1)",,,"(3, 0):empty;(4, 0):empty"
338,4,"(0, 0)","(6, 2)","(1, 0)",onion,"(1, 1)","(-1, 0)",,,"(3, 0):empty;(4, 0):empty",0.0,0.0,3,"(-1, 0)",0.0,0.0,0.0,0.0,0.0,0.0,False,"(6, 2)",onion,"(1, 1)",,,"(3, 0):empty;(4, 0):empty"
339,4,"(0, 0)","(6, 2)","(1, 0)",onion,"(1, 1)","(-1, 0)",,,"(3, 0):empty;(4, 0):empty",0.0,0.0,3,"(-1, 0)",0.0,0.0,0.0,0.0,0.0,0.0,False,"(6, 2)",onion,"(1, 1)",,,"(3, 0):empty;(4, 0):empty"
340,4,"(0, 0)","(6, 2)","(1, 0)",onion,"(1, 1)","(-1, 0)",,,"(3, 0):empty;(4, 0):empty",0.0,0.0,3,"(-1, 0)",0.0,0.0,0.0,0.0,0.0,0.0,False,"(6, 2)",onion,"(1, 1)",,,"(3, 0):empty;(4, 0):empty"
341,4,"(0, 0)","(6, 2)","(1, 0)",onion,"(1, 1)","(-1, 0)",,,"(3, 0):empty;(4, 0):empty",0.0,0.0,3,"(-1, 0)",0.0,0.0,0.0,0.0,0.0,0.0,False,"(6, 2)",onion,"(1, 1)",,,"(3, 0):empty;(4, 0):empty"
342,4,"(0, 0)","(6, 2)","(1, 0)",onion,"(1, 1)","(-1, 0)",,,"(3, 0):empty;(4, 0):empty",0.0,0.0,3,"(-1, 0)",0.0,0.0,0.0,0.0,0.0,0.0,False,"(6, 2)",onion,"(1, 1)",,,"(3, 0):empty;(4, 0):empty"
343,4,"(0, 0)","(6, 2)","(1, 0)",onion,"(1, 1)","(-1, 0)",,,"(3, 0):empty;(4, 0):empty",0.0,0.0,3,"(-1, 0)",0.0,0.0,0.0,0.0,0.0,0.0,False,"(6, 2)",onion,"(1, 1)",,,"(3, 0):empty;(4, 0):empty"
344,4,"(0, 0)","(6, 2)","(1, 0)",onion,"(1, 1)","(-1, 0)",,,"(3, 0):empty;(4, 0):empty",0.0,0.0,3,"(-1, 0)",0.0,0.0,0.0,0.0,0.0,0.0,False,"(6, 2)",onion,"(1, 1)",,,"(3, 0):empty;(4, 0):empty"
345,4,"(0, 0)","(6, 2)","(1, 0)",onion,"(1, 1)","(-1, 0)",,,"(3, 0):empty;(4, 0):empty",0.0,0.0,3,"(-1, 0)",0.0,0.0,0.0,0.0,0.0,0.0,False,"(6, 2)",onion,"(1, 1)",,,"(3, 0):empty;(4, 0):empty"
346,4,"(0, 0)","(6, 2)","(1, 0)",onion,"(1, 1)","(-1, 0)",,,"(3, 0):empty;(4, 0):empty",0.0,0.0,3,"(-1, 0)",0.0,0.0,0.0,0.0,0.0,0.0,False,"(6, 2)",onion,"(1, 1)",,,"(3, 0):empty;(4, 0):empty"
347,4,"(0, 0)","(6, 2)","(1, 0)",onion,"(1, 1)","(-1, 0)",,,"(3, 0):empty;(4, 0):empty",0.0,0.0,3,"(-1, 0)",0.0,0.0,0.0,0.0,0.0,0.0,False,"(6, 2)",onion,"(1, 1)",,,"(3, 0):empty;(4, 0):empty"
348,4,"(0, 0)","(6, 2)","(1, 0)",onion,"(1, 1)","(-1, 0)",,,"(3, 0):empty;(4, 0):empty",0.0,0.0,3,"(-1, 0)",0.0,0.0,0.0,0.0,0.0,0.0,False,"(6, 2)",onion,"(1, 1)",,,"(3, 0):empty;(4, 0):empty"
349,4,"(0, 0)","(6, 2)","(1, 0)",onion,"(1, 1)","(-1, 0)",,,"(3, 0):empty;(4, 0):empty",0.0,0.0,3,"(-1, 0)",0.0,0.0,0.0,0.0,0.0,0.0,False,"(6, 2)",onion,"(1, 1)",,,"(3, 0):empty;(4, 0):empty"
350,4,"(0, 0)","(6, 2)","(1, 0)",onion,"(1, 1)","(-1, 0)",,,"(3, 0):empty;(4, 0):empty",0.0,0.0,3,"(-1, 0)",0.0,0.0,0.0,0.0,0.0,0.0,False,"(6, 2)",onion,"(1, 1)",,,"(3, 0):empty;(4, 0):empty"
351,4,"(0, 0)","(6, 2)","(1, 0)",onion,"(1, 1)","(-1, 0)",,,"(3, 0):empty;(4, 0):empty",0.0,0.0,3,"(-1, 0)",0.0,0.0,0.0,0.0,0.0,0.0,False,"(6, 2)",onion,"(1, 1)",,,"(3, 0):empty;(4, 0):empty"
352,4,"(0, 0)","(6, 2)","(1, 0)",onion,"(1, 1)","(-1, 0)",,,"(3, 0):empty;(4, 0):empty",0.0,0.0,3,"(-1, 0)",0.0,0.0,0.0,0.0,0.0,0.0,False,"(6, 2)",onion,"(1, 1)",,,"(3, 0):empty;(4, 0):empty"
353,4,"(0, 0)","(6, 2)","(1, 0)",onion,"(1, 1)","(-1, 0)",,,"(3, 0):empty;(4, 0):empty",0.0,0.0,3,"(-1, 0)",0.0,0.0,0.0,0.0,0.0,0.0,False,"(6, 2)",onion,"(1, 1)",,,"(3, 0):empty;(4, 0):empty"
354,4,"(0, 0)","(6, 2)","(1, 0)",onion,"(1, 1)","(-1, 0)",,,"(3, 0):empty;(4, 0):empty",0.0,0.0,3,"(-1, 0)",0.0,0.0,0.0,0.0,0.0,0.0,False,"(6, 2)",onion,"(1, 1)",,,"(3, 0):empty;(4, 0):empty"
355,4,"(0, 0)","(6, 2)","(1, 0)",onion,"(1, 1)","(-1, 0)",,,"(3, 0):empty;(4, 0):empty",0.0,0.0,3,"(-1, 0)",0.0,0.0,0.0,0.0,0.0,0.0,False,"(6, 2)",onion,"(1, 1)",,,"(3, 0):empty;(4, 0):empty"
356,4,"(0, 0)","(6, 2)","(1, 0)",onion,"(1, 1)","(-1, 0)",,,"(3, 0):empty;(4, 0):empty",0.0,0.0,3,"(-1, 0)",0.0,0.0,0.0,0.0,0.0,0.0,False,"(6, 2)",onion,"(1, 1)",,,"(3, 0):empty;(4, 0):empty"
357,4,"(0, 0)","(6, 2)","(1, 0)",onion,"(1, 1)","(-1, 0)",,,"(3, 0):empty;(4, 0):empty",0.0,0.0,3,"(-1, 0)",0.0,0.0,0.0,0.0,0.0,0.0,False,"(6, 2)",onion,"(1, 1)",,,"(3, 0):empty;(4, 0):empty"
358,4,"(0, 0)","(6, 2)","(1, 0)",onion,"(1, 1)","(-1, 0)",,,"(3, 0):empty;(4, 0):empty",0.0,0.0,3,"(-1, 0)",0.0,0.0,0.0,0.0,0.0,0.0,False,"(6, 2)",onion,"(1, 1)",,,"(3, 0):empty;(4, 0):empty"
359,4,"(0, 0)","(6, 2)","(1, 0)",onion,"(1, 1)","(-1, 0)",,,"(3, 0):empty;(4, 0):empty",0.0,0.0,3,"(-1, 0)",0.0,0.0,0.0,0.0,0.0,0.0,False,"(6, 2)",onion,"(1, 1)",,,"(3, 0):empty;(4, 0):empty"
360,4,"(0, 0)","(6, 2)","(1, 0)",onion,"(1, 1)","(-1, 0)",,,"(3, 0):empty;(4, 0):empty",0.0,0.0,3,"(-1, 0)",0.0,0.0,0.0,0.0,0.0,0.0,False,"(6, 2)",onion,"(1, 1)",,,"(3, 0):empty;(4, 0):empty"
361,4,"(0, 0)","(6, 2)","(1, 0)",onion,"(1, 1)","(-1, 0)",,,"(3, 0):empty;(4, 0):empty",0.0,0.0,3,"(-1, 0)",0.0,0.0,0.0,0.0,0.0,0.0,False,"(6, 2)",onion,"(1, 1)",,,"(3, 0):empty;(4, 0):empty"
362,4,"(0, 0)","(6, 2)","(1, 0)",onion,"(1, 1)","(-1, 0)",,,"(3, 0):empty;(4, 0):empty",0.0,0.0,3,"(-1, 0)",0.0,0.0,0.0,0.0,0.0,0.0,False,"(6, 2)",onion,"(1, 1)",,,"(3, 0):empty;(4, 0):empty"
363,4,"(0, 0)","(6, 2)","(1, 0)",onion,"(1, 1)","(-1, 0)",,,"(3, 0):empty;(4, 0):empty",0.0,0.0,3,"(-1, 0)",0.0,0.0,0.0,0.0,0.0,0.0,False,"(6, 2)",onion,"(1, 1)",,,"(3, 0):empty;(4, 0):empty"
364,4,"(0, 0)","(6, 2)","(1, 0)",onion,"(1, 1)","(-1, 0)",,,"(3, 0):empty;(4, 0):empty",0.0,0.0,3,"(-1, 0)",0.0,0.0,0.0,0.0,0.0,0.0,False,"(6, 2)",onion,"(1, 1)",,,"(3, 0):empty;(4, 0):empty"
365,4,"(0, 0)","(6, 2)","(1, 0)",onion,"(1, 1)","(-1, 0)",,,"(3, 0):empty;(4, 0):empty",0.0,0.0,3,"(-1, 0)",0.0,0.0,0.0,0.0,0.0,0.0,False,"(6, 2)",onion,"(1, 1)",,,"(3, 0):empty;(4, 0):empty"
366,4,"(0, 0)","(6, 2)","(1, 0)",onion,"(1, 1)","(-1, 0)",,,"(3, 0):empty;(4, 0):empty",0.0,0.0,3,"(-1, 0)",0.0,0.0,0.0,0.0,0.0,0.0,False,"(6, 2)",onion,"(1, 1)",,,"(3, 0):empty;(4, 0):empty"
367,4,"(0, 0)","(6, 2)","(1, 0)",onion,"(1, 1)","(-1, 0)",,,"(3, 0):empty;(4, 0):empty",0.0,0.0,3,"(-1, 0)",0.0,0.0,0.0,0.0,0.0,0.0,False,"(6, 2)",onion,"(1, 1)",,,"(3, 0):empty;(4, 0):empty"
368,4,"(0, 0)","(6, 2)","(1, 0)",onion,"(1, 1)","(-1, 0)",,,"(3, 0):empty;(4, 0):empty",0.0,0.0,3,"(-1, 0)",0.0,0.0,0.0,0.0,0.0,0.0,False,"(6, 2)",onion,"(1, 1)",,,"(3, 0):empty;(4, 0):empty"
369,4,"(0, 0)","(6, 2)","(1, 0)",onion,"(1, 1)","(-1, 0)",,,"(3, 0):empty;(4, 0):empty",0.0,0.0,3,"(-1, 0)",0.0,0.0,0.0,0.0,0.0,0.0,False,"(6, 2)",onion,"(1, 1)",,,"(3, 0):empty;(4, 0):empty"
370,4,"(0, 0)","(6, 2)","(1, 0)",onion,"(1, 1)","(-1, 0)",,,"(3, 0):empty;(4, 0):empty",0.0,0.0,3,"(-1, 0)",0.0,0.0,0.0,0.0,0.0,0.0,False,"(6, 2)",onion,"(1, 1)",,,"(3, 0):empty;(4, 0):empty"
371,4,"(0, 0)","(6, 2)","(1, 0)",onion,"(1, 1)","(-1, 0)",,,"(3, 0):empty;(4, 0):empty",0.0,0.0,3,"(-1, 0)",0.0,0.0,0.0,0.0,0.0,0.0,False,"(6, 2)",onion,"(1, 1)",,,"(3, 0):empty;(4, 0):empty"
372,4,"(0, 0)","(6, 2)","(1, 0)",onion,"(1, 1)","(-1, 0)",,,"(3, 0):empty;(4, 0):empty",0.0,0.0,3,"(-1, 0)",0.0,0.0,0.0,0.0,0.0,0.0,False,"(6, 2)",onion,"(1, 1)",,,"(3, 0):empty;(4, 0):empty"
373,4,"(0, 0)","(6, 2)","(1, 0)",onion,"(1, 1)","(-1, 0)",,,"(3, 0):empty;(4, 0):empty",0.0,0.0,3,"(-1, 0)",0.0,0.0,0.0,0.0,0.0,0.0,False,"(6, 2)",onion,"(1, 1)",,,"(3, 0):empty;(4, 0):empty"
374,4,"(0, 0)","(6, 2)","(1, 0)",onion,"(1, 1)","(-1, 0)",,,"(3, 0):empty;(4, 0):empty",0.0,0.0,3,"(-1, 0)",0.0,0.0,0.0,0.0,0.0,0.0,False,"(6, 2)",onion,"(1, 1)",,,"(3, 0):empty;(4, 0):empty"
375,4,"(0, 0)","(6, 2)","(1, 0)",onion,"(1, 1)","(-1, 0)",,,"(3, 0):empty;(4, 0):empty",0.0,0.0,3,"(-1, 0)",0.0,0.0,0.0,0.0,0.0,0.0,False,"(6, 2)",onion,"(1, 1)",,,"(3, 0):empty;(4, 0):empty"
376,4,"(0, 0)","(6, 2)","(1, 0)",onion,"(1, 1)","(-1, 0)",,,"(3, 0):empty;(4, 0):empty",0.0,0.0,3,"(-1, 0)",0.0,0.0,0.0,0.0,0.0,0.0,False,"(6, 2)",onion,"(1, 1)",,,"(3, 0):empty;(4, 0):empty"
377,4,"(0, 0)","(6, 2)","(1, 0)",onion,"(1, 1)","(-1, 0)",,,"(3, 0):empty;(4, 0):empty",0.0,0.0,3,"(-1, 0)",0.0,0.0,0.0,0.0,0.0,0.0,False,"(6, 2)",onion,"(1, 1)",,,"(3, 0):empty;(4, 0):empty"
378,4,"(0, 0)","(6, 2)","(1, 0)",onion,"(1, 1)","(-1, 0)",,,"(3, 0):empty;(4, 0):empty",0.0,0.0,3,"(-1, 0)",0.0,0.0,0.0,0.0,0.0,0.0,False,"(6, 2)",onion,"(1, 1)",,,"(3, 0):empty;(4, 0):empty"
379,4,"(0, 0)","(6, 2)","(1, 0)",onion,"(1, 1)","(-1, 0)",,,"(3, 0):empty;(4, 0):empty",0.0,0.0,3,"(-1, 0)",0.0,0.0,0.0,0.0,0.0,0.0,False,"(6, 2)",onion,"(1, 1)",,,"(3, 0):empty;(4, 0):empty"
380,4,"(0, 0)","(6, 2)","(1, 0)",onion,"(1, 1)","(-1, 0)",,,"(3, 0):empty;(4, 0):empty",0.0,0.0,3,"(-1, 0)",0.0,0.0,0.0,0.0,0.0,0.0,False,"(6, 2)",onion,"(1, 1)",,,"(3, 0):empty;(4, 0):empty"
381,4,"(0, 0)","(6, 2)","(1, 0)",onion,"(1, 1)","(-1, 0)",,,"(3, 0):empty;(4, 0):empty",0.0,0.0,3,"(-1, 0)",0.0,0.0,0.0,0.0,0.0,0.0,False,"(6, 2)",onion,"(1, 1)",,,"(3, 0):empty;(4, 0):empty"
382,4,"(0, 0)","(6, 2)","(1, 0)",onion,"(1, 1)","(-1, 0)",,,"(3, 0):empty;(4, 0):empty",0.0,0.0,3,"(-1, 0)",0.0,0.0,0.0,0.0,0.0,0.0,False,"(6, 2)",onion,"(1, 1)",,,"(3, 0):empty;(4, 0):empty"
383,4,"(0, 0)","(6, 2)","(1, 0)",onion,"(1, 1)","(-1, 0)",,,"(3, 0):empty;(4, 0):empty",0.0,0.0,3,"(-1, 0)",0.0,0.0,0.0,0.0,0.0,0.0,False,"(6, 2)",onion,"(1, 1)",,,"(3, 0):empty;(4, 0):empty"
384,4,"(0, 0)","(6, 2)","(1, 0)",onion,"(1, 1)","(-1, 0)",,,"(3, 0):empty;(4, 0):empty",0.0,0.0,3,"(-1, 0)",0.0,0.0,0.0,0.0,0.0,0.0,False,"(6, 2)",onion,"(1, 1)",,,"(3, 0):empty;(4, 0):empty"
385,4,"(0, 0)","(6, 2)","(1, 0)",onion,"(1, 1)","(-1, 0)",,,"(3, 0):empty;(4, 0):empty",0.0,0.0,3,"(-1, 0)",0.0,0.0,0.0,0.0,0.0,0.0,False,"(6, 2)",onion,"(1, 1)",,,"(3, 0):empty;(4, 0):empty"
386,4,"(0, 0)","(6, 2)","(1, 0)",onion,"(1, 1)","(-1, 0)",,,"(3, 0):empty;(4, 0):empty",0.0,0.0,3,"(-1, 0)",0.0,0.0,0.0,0.0,0.0,0.0,False,"(6, 2)",onion,"(1, 1)",,,"(3, 0):empty;(4, 0):empty"
387,4,"(0, 0)","(6, 2)","(1, 0)",onion,"(1, 1)","(-1, 0)",,,"(3, 0):empty;(4, 0):empty",0.0,0.0,3,"(-1, 0)",0.0,0.0,0.0,0.0,0.0,0.0,False,"(6, 2)",onion,"(1, 1)",,,"(3, 0):empty;(4, 0):empty"
388,4,"(0, 0)","(6, 2)","(1, 0)",onion,"(1, 1)","(-1, 0)",,,"(3, 0):empty;(4, 0):empty",0.0,0.0,3,"(-1, 0)",0.0,0.0,0.0,0.0,0.0,0.0,False,"(6, 2)",onion,"(1, 1)",,,"(3, 0):empty;(4, 0):empty"
389,4,"(0, 0)","(6, 2)","(1, 0)",onion,"(1, 1)","(-1, 0)",,,"(3, 0):empty;(4, 0):empty",0.0,0.0,3,"(-1, 0)",0.0,0.0,0.0,0.0,0.0,0.0,False,"(6, 2)",onion,"(1, 1)",,,"(3, 0):empty;(4, 0):empty"
390,4,"(0, 0)","(6, 2)","(1, 0)",onion,"(1, 1)","(-1, 0)",,,"(3, 0):empty;(4, 0):empty",0.0,0.0,3,"(-1, 0)",0.0,0.0,0.0,0.0,0.0,0.0,False,"(6, 2)",onion,"(1, 1)",,,"(3, 0):empty;(4, 0):empty"
391,4,"(0, 0)","(6, 2)","(1, 0)",onion,"(1, 1)","(-1, 0)",,,"(3, 0):empty;(4, 0):empty",0.0,0.0,3,"(-1, 0)",0.0,0.0,0.0,0.0,0.0,0.0,False,"(6, 2)",onion,"(1, 1)",,,"(3, 0):empty;(4, 0):empty"
392,4,"(0, 0)","(6, 2)","(1, 0)",onion,"(1, 1)","(-1, 0)",,,"(3, 0):empty;(4, 0):empty",0.0,0.0,3,"(-1, 0)",0.0,0.0,0.0,0.0,0.0,0.0,False,"(6, 2)",onion,"(1, 1)",,,"(3, 0):empty;(4, 0):empty"
393,4,"(0, 0)","(6, 2)","(1, 0)",onion,"(1, 1)","(-1, 0)",,,"(3, 0):empty;(4, 0):empty",0.0,0.0,3,"(-1, 0)",0.0,0.0,0.0,0.0,0.0,0.0,False,"(6, 2)",onion,"(1, 1)",,,"(3, 0):empty;(4, 0):empty"
394,4,"(0, 0)","(6, 2)","(1, 0)",onion,"(1, 1)","(-1, 0)",,,"(3, 0):empty;(4, 0):empty",0.0,0.0,3,"(-1, 0)",0.0,0.0,0.0,0.0,0.0,0.0,False,"(6, 2)",onion,"(1, 1)",,,"(3, 0):empty;(4, 0):empty"
395,4,"(0, 0)","(6, 2)","(1, 0)",onion,"(1, 1)","(-1, 0)",,,"(3, 0):empty;(4, 0):empty",0.0,0.0,3,"(-1, 0)",0.0,0.0,0.0,0.0,0.0,0.0,False,"(6, 2)",onion,"(1, 1)",,,"(3, 0):empty;(4, 0):empty"
396,4,"(0, 0)","(6, 2)","(1, 0)",onion,"(1, 1)","(-1, 0)",,,"(3, 0):empty;(4, 0):empty",0.0,0.0,3,"(-1, 0)",0.0,0.0,0.0,0.0,0.0,0.0,False,"(6, 2)",onion,"(1, 1)",,,"(3, 0):empty;(4, 0):empty"
397,4,"(0, 0)","(6, 2)","(1, 0)",onion,"(1, 1)","(-1, 0)",,,"(3, 0):empty;(4, 0):empty",0.0,0.0,3,"(-1, 0)",0.0,0.0,0.0,0.0,0.0,0.0,False,"(6, 2)",onion,"(1, 1)",,,"(3, 0):empty;(4, 0):empty"
398,4,"(0, 0)","(6, 2)","(1, 0)",onion,"(1, 1)","(-1, 0)",,,"(3, 0):empty;(4, 0):empty",0.0,0.0,3,"(-1, 0)",0.0,0.0,0.0,0.0,0.0,0.0,False,"(6, 2)",onion,"(1, 1)",,,"(3, 0):empty;(4, 0):empty"
399,4,"(0, 0)","(6, 2)","(1, 0)",onion,"(1, 1)","(-1, 0)",,,"(3, 0):empty;(4, 0):empty",0.0,0.0,3,"(-1, 0)",0.0,0.0,0.0,0.0,0.0,0.0,False,"(6, 2)",onion,"(1, 1)",,,"(3, 0):empty;(4, 0):empty"
